paperId,year,outDegree,inDegree
1001,2000,19,15
1002,2000,22,45
1021,2000,7,3
1024,2000,11,0
1030,2000,5,1
1032,2000,9,2
1033,2000,20,3
1035,2000,8,2
1037,2000,2,2
1046,2000,28,41
1048,2000,14,4
1050,2000,13,1
1054,2000,25,5
1059,2000,29,7
1066,2000,11,0
1076,2000,7,0
1084,2000,6,2
1086,2000,0,31
1087,2000,32,15
1088,2000,26,8
1092,2000,1,3
1095,2000,16,27
1096,2000,15,1
1103,2000,11,11
1104,2000,43,22
1105,2000,8,1
1108,2000,10,4
1113,2000,20,22
1119,2000,15,16
1122,2000,3,7
1134,2000,106,1
1145,2000,15,5
1147,2000,3,1
1150,2000,5,4
1151,2000,5,8
1152,2000,5,4
1159,2000,11,1
1161,2000,6,5
1162,2000,9,6
1178,2000,1,2
1189,2000,15,13
1191,2000,6,3
1193,2000,6,1
1195,2000,17,0
1196,2000,11,12
1200,2000,16,2
1204,2000,23,8
1211,2000,32,1
1216,2000,21,11
1218,2000,19,7
1221,2000,2,0
1224,2000,9,3
1226,2000,17,1
1229,2000,20,4
1234,2000,9,4
1236,2000,8,1
1243,2000,12,16
1244,2000,6,19
1249,2000,3,2
1251,2000,10,4
1257,2000,31,1
1259,2000,20,12
1260,2000,28,1
1266,2000,9,9
1268,2000,7,21
1272,2000,13,7
1273,2000,5,3
1274,2000,26,19
1275,2000,2,1
1286,2000,47,32
1287,2000,27,10
1290,2000,2,12
1292,2000,6,2
1295,2000,15,14
1297,2000,9,17
1298,2000,23,1
1299,2000,9,29
1301,2000,23,6
1302,2000,10,6
1303,2000,17,1
1304,2000,9,2
1307,2000,13,11
1308,2000,8,4
1312,2000,46,47
1318,2000,18,17
1325,2000,7,2
1327,2000,0,5
1334,2000,45,6
2001,2000,7,5
2003,2000,18,5
2007,2000,18,5
2014,2000,19,0
2023,2000,23,4
2032,2000,9,6
2033,2000,7,15
2034,2000,10,5
2035,2000,16,4
2036,2000,21,19
2041,2000,37,3
2050,2000,34,18
2054,2000,23,4
2061,2000,10,2
2065,2000,24,15
2071,2000,18,22
2072,2000,13,22
2075,2000,20,17
2078,2000,13,11
2081,2000,16,9
2089,2000,49,7
2091,2000,16,11
2094,2000,7,1
2095,2000,0,3
2101,2000,5,2
2110,2000,2,2
2113,2000,18,0
2114,2000,13,4
2120,2000,12,10
2123,2000,22,15
2126,2000,12,2
2127,2000,29,17
2133,2000,2,7
2138,2000,7,3
2141,2000,8,6
2144,2000,8,2
2157,2000,39,11
2163,2000,18,5
2167,2000,25,10
2180,2000,4,2
2182,2000,15,10
2189,2000,10,1
2190,2000,3,1
2191,2000,26,2
2195,2000,16,3
2204,2000,3,5
2209,2000,46,30
2213,2000,17,24
2215,2000,5,1
2234,2000,34,34
2235,2000,15,12
2237,2000,9,9
2239,2000,10,6
2240,2000,18,14
2245,2000,28,13
2250,2000,24,28
2252,2000,5,10
2258,2000,84,14
2259,2000,12,10
2262,2000,16,0
2263,2000,25,2
2264,2000,12,4
2268,2000,18,17
2272,2000,18,22
2273,2000,21,3
2277,2000,25,11
2280,2000,12,0
2285,2000,3,5
2301,2000,11,1
2305,2000,3,3
3006,2000,14,10
3007,2000,18,5
3015,2000,3,0
3017,2000,18,4
3019,2000,5,3
3020,2000,10,7
3029,2000,37,5
3032,2000,36,19
3033,2000,138,40
3058,2000,32,12
3070,2000,13,1
3073,2000,35,2
3075,2000,33,12
3076,2000,13,4
3084,2000,30,6
3088,2000,5,0
3096,2000,14,0
3098,2000,12,0
3102,2000,8,1
3104,2000,11,0
3107,2000,39,25
3108,2000,12,1
3109,2000,45,3
3111,2000,34,5
3114,2000,13,18
3116,2000,18,0
3118,2000,23,4
3122,2000,56,18
3129,2000,13,13
3130,2000,2,4
3131,2000,17,7
3132,2000,8,2
3133,2000,45,2
3136,2000,3,9
3137,2000,7,0
3142,2000,41,11
3151,2000,8,4
3154,2000,189,35
3165,2000,9,12
3167,2000,14,12
3174,2000,22,5
3176,2000,2,2
3177,2000,21,21
3178,2000,10,0
3180,2000,72,27
3183,2000,5,9
3185,2000,21,7
3186,2000,22,9
3190,2000,12,2
3199,2000,9,18
3200,2000,11,2
3201,2000,6,6
3203,2000,8,16
3209,2000,5,3
3218,2000,12,6
3221,2000,24,4
3225,2000,26,4
3233,2000,14,18
3234,2000,22,8
3238,2000,81,25
3244,2000,12,0
3245,2000,12,0
3253,2000,8,4
3254,2000,16,2
3258,2000,25,20
3260,2000,21,11
3261,2000,3,14
3266,2000,5,3
3275,2000,52,16
3290,2000,2,0
3304,2000,5,1
3310,2000,6,0
3314,2000,5,0
3316,2000,12,1
3318,2000,28,3
3323,2000,22,13
3327,2000,17,8
4001,2000,21,3
4004,2000,6,60
4014,2000,23,27
4018,2000,10,9
4021,2000,13,9
4023,2000,12,0
4026,2000,5,0
4042,2000,10,1
4043,2000,17,24
4044,2000,15,32
4057,2000,10,1
4065,2000,7,5
4067,2000,27,4
4074,2000,31,19
4090,2000,16,1
4094,2000,8,5
4095,2000,4,24
4101,2000,36,8
4106,2000,13,8
4108,2000,16,1
4110,2000,7,5
4111,2000,16,2
4115,2000,34,36
4119,2000,11,1
4133,2000,22,0
4136,2000,0,6
4139,2000,4,8
4141,2000,6,2
4152,2000,8,0
4159,2000,9,5
4173,2000,32,67
4177,2000,5,6
4183,2000,38,9
4186,2000,33,8
4189,2000,14,6
4190,2000,17,5
4192,2000,17,7
4196,2000,12,2
4198,2000,0,3
4200,2000,22,7
4201,2000,10,1
4206,2000,33,7
4207,2000,36,13
4210,2000,23,9
4211,2000,12,0
4213,2000,20,27
4216,2000,20,0
4229,2000,17,1
4236,2000,2,1
4239,2000,19,0
4240,2000,13,0
4241,2000,4,9
4247,2000,24,22
4248,2000,7,1
4251,2000,20,7
4252,2000,2,3
4257,2000,6,2
4262,2000,28,8
4265,2000,6,0
5003,2000,10,7
5006,2000,12,29
5013,2000,22,3
5019,2000,34,6
5020,2000,55,7
5024,2000,33,21
5025,2000,142,12
5026,2000,6,1
5027,2000,59,16
5028,2000,15,10
5029,2000,0,5
5038,2000,9,6
5043,2000,9,8
5044,2000,3,2
5048,2000,3,0
5049,2000,21,12
5059,2000,9,2
5060,2000,2,3
5062,2000,1,0
5066,2000,19,11
5068,2000,6,0
5069,2000,13,4
5071,2000,16,0
5077,2000,7,4
5080,2000,37,17
5082,2000,19,4
5084,2000,24,11
5088,2000,2,0
5092,2000,8,0
5093,2000,32,2
5096,2000,42,1
5101,2000,11,3
5102,2000,3,0
5106,2000,18,6
5112,2000,20,1
5113,2000,4,1
5114,2000,118,10
5115,2000,10,1
5118,2000,26,4
5120,2000,0,4
5121,2000,8,1
5122,2000,36,3
5131,2000,10,3
5133,2000,12,3
5140,2000,15,2
5141,2000,19,2
5143,2000,3,0
5144,2000,11,10
5146,2000,7,2
5149,2000,15,2
5152,2000,14,24
5155,2000,3,4
5159,2000,57,7
5164,2000,12,3
5172,2000,6,8
5177,2000,13,2
5180,2000,7,0
5181,2000,5,8
5183,2000,8,8
5184,2000,8,0
5188,2000,6,2
5189,2000,32,24
5190,2000,16,6
5195,2000,7,0
5196,2000,18,3
5208,2000,12,16
5210,2000,22,7
5213,2000,3,3
5214,2000,21,1
5218,2000,36,9
5219,2000,4,1
5225,2000,10,9
5227,2000,31,2
5228,2000,12,20
5231,2000,10,0
5233,2000,31,2
5240,2000,7,1
5241,2000,3,2
5248,2000,2,10
5251,2000,5,2
5252,2000,16,0
5260,2000,35,5
5262,2000,22,11
5268,2000,8,0
5272,2000,10,1
5276,2000,28,9
5281,2000,8,2
5283,2000,7,1
5284,2000,2,1
5297,2000,12,15
5299,2000,3,1
5302,2000,10,2
5303,2000,45,8
5306,2000,17,2
5313,2000,8,4
5318,2000,35,5
5322,2000,11,1
6001,2000,17,24
6002,2000,54,0
6004,2000,7,2
6005,2000,8,16
6007,2000,12,4
6012,2000,6,0
6013,2000,4,0
6014,2000,6,3
6021,2000,6,1
6022,2000,14,30
6024,2000,0,3
6032,2000,97,9
6045,2000,24,16
6050,2000,5,4
6053,2000,7,0
6059,2000,26,7
6063,2000,16,2
6069,2000,4,4
6073,2000,8,2
6080,2000,2,2
6096,2000,25,11
6098,2000,38,1
6104,2000,23,4
6119,2000,52,24
6120,2000,10,1
6124,2000,48,81
6136,2000,22,10
6140,2000,27,0
6144,2000,22,0
6145,2000,19,7
6146,2000,13,18
6154,2000,27,17
6155,2000,3,0
6156,2000,3,7
6163,2000,3,2
6170,2000,18,0
6173,2000,31,4
6174,2000,10,1
6175,2000,18,7
6177,2000,25,2
6178,2000,3,1
6181,2000,3,2
6186,2000,4,0
6189,2000,3,1
6190,2000,20,0
6192,2000,7,10
6205,2000,7,6
6206,2000,12,1
6207,2000,9,0
6209,2000,4,0
6214,2000,6,0
6221,2000,19,0
6227,2000,5,2
6233,2000,23,15
6237,2000,14,7
6238,2000,12,6
6240,2000,10,10
6245,2000,8,0
6246,2000,1,1
6249,2000,5,0
6250,2000,9,12
6253,2000,37,1
6267,2000,25,2
6271,2000,23,4
6273,2000,8,4
6278,2000,6,5
6280,2000,30,4
6282,2000,11,0
6292,2000,23,1
6294,2000,9,0
6297,2000,3,0
6304,2000,10,7
6306,2000,5,6
6307,2000,21,15
6311,2000,9,8
6312,2000,13,6
6321,2000,12,16
6322,2000,11,0
6335,2000,5,2
6342,2000,19,2
6346,2000,8,6
6351,2000,25,14
6353,2000,16,0
7003,2000,16,6
7009,2000,9,4
7014,2000,12,1
7016,2000,27,4
7020,2000,5,2
7024,2000,1,3
7030,2000,5,0
7034,2000,10,7
7037,2000,7,1
7038,2000,8,17
7039,2000,9,0
7041,2000,39,8
7042,2000,20,0
7046,2000,35,1
7055,2000,24,4
7056,2000,11,6
7058,2000,13,2
7068,2000,27,26
7082,2000,12,9
7083,2000,16,8
7085,2000,21,15
7086,2000,19,3
7091,2000,27,19
7092,2000,36,2
7101,2000,21,9
7107,2000,18,11
7108,2000,21,23
7129,2000,21,11
7131,2000,12,3
7132,2000,6,0
7137,2000,18,2
7139,2000,28,0
7159,2000,8,4
7162,2000,17,7
7165,2000,25,1
7170,2000,9,5
7173,2000,4,1
7176,2000,23,17
7180,2000,31,2
7182,2000,18,26
7184,2000,11,2
7192,2000,14,26
7196,2000,16,20
7197,2000,25,20
7200,2000,7,0
7207,2000,7,10
7208,2000,50,20
7213,2000,15,7
7215,2000,2,2
7216,2000,3,1
7218,2000,94,32
7220,2000,32,2
7223,2000,34,33
7226,2000,24,10
7230,2000,20,0
7232,2000,28,4
7235,2000,3,0
7236,2000,2,1
7238,2000,9,6
7240,2000,2,6
7244,2000,9,1
7248,2000,7,25
7250,2000,8,2
7251,2000,23,14
7256,2000,8,27
7259,2000,32,10
7261,2000,25,5
7272,2000,6,1
7274,2000,41,3
7280,2000,39,6
7291,2000,13,1
7293,2000,12,1
7298,2000,60,15
7299,2000,10,0
7303,2000,20,6
7307,2000,26,1
7311,2000,6,1
7313,2000,67,24
7316,2000,6,5
7317,2000,16,3
7319,2000,25,12
7320,2000,23,8
7328,2000,11,5
7330,2000,18,2
7333,2000,12,6
7340,2000,23,4
7341,2000,19,3
7344,2000,13,3
7349,2000,10,7
7355,2000,50,23
7359,2000,4,16
7360,2000,11,10
8003,2000,8,1
8004,2000,8,12
8005,2000,23,5
8007,2000,33,5
8011,2000,37,0
8029,2000,22,3
8036,2000,8,1
8043,2000,6,6
8045,2000,13,0
8046,2000,24,11
8049,2000,2,8
8050,2000,27,0
8059,2000,6,3
8060,2000,6,0
8063,2000,5,0
8064,2000,8,2
8066,2000,2,4
8069,2000,8,1
8076,2000,9,3
8078,2000,8,9
8084,2000,11,7
8085,2000,56,8
8089,2000,19,1
8091,2000,18,7
8096,2000,5,1
8101,2000,37,0
8102,2000,45,31
8108,2000,16,0
8109,2000,2,1
8111,2000,7,1
8124,2000,38,7
8125,2000,9,6
8128,2000,2,0
8131,2000,11,2
8135,2000,8,9
8136,2000,6,1
8140,2000,9,2
8142,2000,2,0
8151,2000,12,2
8159,2000,22,16
8176,2000,4,0
8183,2000,48,3
8189,2000,27,3
8190,2000,37,3
8198,2000,14,0
8200,2000,3,1
8206,2000,5,1
8208,2000,29,28
8210,2000,15,5
8212,2000,5,2
8216,2000,5,6
8221,2000,6,11
8224,2000,13,3
8228,2000,12,3
8236,2000,16,3
8238,2000,18,1
8246,2000,12,4
8247,2000,20,0
8248,2000,11,0
8260,2000,20,6
8268,2000,37,2
8269,2000,19,1
8279,2000,31,3
8284,2000,3,0
8289,2000,25,1
8291,2000,10,0
8292,2000,20,10
8295,2000,30,10
8300,2000,20,3
8302,2000,13,5
8306,2000,12,4
8308,2000,5,3
8309,2000,14,0
8314,2000,3,1
8316,2000,8,6
8317,2000,9,4
8319,2000,9,2
8325,2000,26,0
8327,2000,28,3
8333,2000,29,1
8337,2000,4,2
9001,2000,10,6
9004,2000,6,4
9006,2000,30,19
9008,2000,13,5
9014,2000,32,3
9021,2000,15,4
9028,2000,7,0
9033,2000,14,7
9036,2000,33,1
9038,2000,9,6
9039,2000,8,5
9057,2000,13,1
9058,2000,48,14
9066,2000,34,4
9067,2000,3,0
9068,2000,47,0
9070,2000,1,0
9072,2000,4,1
9073,2000,32,5
9085,2000,13,0
9095,2000,7,1
9100,2000,15,0
9101,2000,5,13
9107,2000,43,1
9109,2000,2,1
9116,2000,12,3
9117,2000,8,1
9129,2000,32,8
9131,2000,10,7
9135,2000,2,0
9136,2000,7,1
9140,2000,22,2
9143,2000,38,1
9144,2000,36,8
9145,2000,27,22
9146,2000,25,3
9155,2000,21,2
9156,2000,15,4
9158,2000,11,9
9159,2000,10,3
9161,2000,21,4
9163,2000,8,4
9167,2000,6,0
9172,2000,15,2
9173,2000,26,9
9174,2000,1,10
9176,2000,5,1
9179,2000,21,0
9185,2000,4,1
9193,2000,6,2
9194,2000,3,0
9199,2000,10,2
9206,2000,11,2
9212,2000,24,15
9213,2000,1,0
9219,2000,11,0
9223,2000,9,3
9224,2000,10,2
9227,2000,5,0
9228,2000,40,0
9229,2000,20,0
9235,2000,13,2
9237,2000,8,12
9238,2000,9,0
9244,2000,11,11
9246,2000,3,7
9249,2000,8,1
9254,2000,19,27
9255,2000,25,34
9259,2000,3,1
9265,2000,9,6
9274,2000,6,0
9276,2000,5,1
9287,2000,24,2
9293,2000,41,0
9296,2000,11,0
9297,2000,28,5
9308,2000,6,2
9309,2000,12,3
9318,2000,14,0
9324,2000,41,4
9328,2000,12,8
9336,2000,3,11
9337,2000,29,40
9341,2000,9,3
9349,2000,4,0
9357,2000,31,10
9358,2000,22,4
10003,2000,12,35
10006,2000,11,0
10007,2000,41,2
10008,2000,48,10
10015,2000,11,11
10017,2000,13,22
10024,2000,20,3
10032,2000,8,2
10037,2000,5,4
10040,2000,11,2
10041,2000,7,1
10042,2000,18,2
10057,2000,0,5
10059,2000,10,2
10063,2000,13,2
10074,2000,2,1
10078,2000,2,0
10089,2000,0,9
10096,2000,12,6
10106,2000,33,1
10114,2000,8,8
10116,2000,8,6
10121,2000,3,3
10122,2000,5,0
10128,2000,8,6
10134,2000,3,1
10137,2000,18,2
10145,2000,3,1
10146,2000,7,6
10150,2000,20,6
10154,2000,16,1
10156,2000,14,3
10159,2000,13,4
10161,2000,13,2
10162,2000,14,3
10163,2000,14,4
10167,2000,4,1
10173,2000,12,0
10175,2000,79,19
10181,2000,33,7
10188,2000,12,1
10191,2000,37,3
10193,2000,9,1
10195,2000,5,8
10196,2000,10,7
10199,2000,12,3
10207,2000,11,5
10208,2000,71,6
10212,2000,9,13
10215,2000,28,1
10217,2000,7,2
10222,2000,2,4
10225,2000,9,1
10250,2000,6,0
10261,2000,22,8
10262,2000,14,1
10267,2000,11,5
10270,2000,14,0
10271,2000,12,0
10272,2000,27,0
10273,2000,25,4
10275,2000,34,2
10277,2000,16,3
10283,2000,14,2
10289,2000,7,20
10296,2000,17,12
10297,2000,18,7
10298,2000,9,1
10300,2000,4,0
10305,2000,4,1
10313,2000,5,0
10314,2000,14,0
10315,2000,6,5
10321,2000,16,10
10325,2000,40,10
10328,2000,53,1
10334,2000,18,12
10338,2000,83,34
10341,2000,5,0
10343,2000,6,4
10345,2000,4,8
10350,2000,10,1
11002,2000,18,13
11007,2000,14,0
11017,2000,20,2
11019,2000,22,1
11021,2000,7,1
11027,2000,22,2
11029,2000,4,1
11036,2000,7,2
11038,2000,10,0
11047,2000,3,1
11049,2000,24,7
11053,2000,6,5
11055,2000,78,22
11059,2000,14,5
11064,2000,10,1
11066,2000,7,0
11069,2000,22,1
11086,2000,7,7
11093,2000,15,0
11099,2000,4,1
11109,2000,8,0
11111,2000,15,2
11114,2000,23,3
11115,2000,2,0
11116,2000,14,1
11123,2000,4,0
11124,2000,6,0
11126,2000,2,0
11127,2000,2,1
11133,2000,2,2
11135,2000,15,1
11140,2000,18,0
11155,2000,8,3
11165,2000,7,5
11179,2000,15,11
11197,2000,3,1
11202,2000,6,1
11207,2000,9,0
11209,2000,11,2
11211,2000,14,0
11215,2000,48,54
11216,2000,7,2
11225,2000,12,1
11229,2000,16,6
11230,2000,4,3
11231,2000,6,0
11233,2000,25,4
11236,2000,11,0
11244,2000,46,2
11248,2000,37,10
11249,2000,5,0
11254,2000,22,15
11257,2000,20,6
11260,2000,15,9
11265,2000,5,0
11269,2000,3,4
11270,2000,27,9
11277,2000,12,2
11280,2000,15,0
11294,2000,4,0
11298,2000,30,1
11299,2000,27,6
11300,2000,23,1
11311,2000,17,16
11312,2000,5,0
11313,2000,18,3
11314,2000,20,10
11317,2000,20,1
11324,2000,7,2
11337,2000,24,4
11347,2000,2,1
11354,2000,15,0
11355,2000,43,4
11356,2000,51,12
11363,2000,13,19
11365,2000,12,1
11368,2000,10,2
11370,2000,16,4
11373,2000,7,6
11376,2000,2,2
11378,2000,17,0
11379,2000,11,11
11381,2000,4,0
11382,2000,7,2
11391,2000,2,1
11392,2000,29,3
11393,2000,14,15
11394,2000,45,6
11400,2000,1,1
12001,2000,9,18
12002,2000,11,5
12009,2000,4,0
12012,2000,16,1
12013,2000,9,3
12019,2000,17,7
12026,2000,62,5
12027,2000,4,0
12029,2000,1,0
12035,2000,5,5
12050,2000,7,1
12062,2000,28,9
12070,2000,4,1
12072,2000,1,2
12077,2000,10,3
12085,2000,28,6
12094,2000,5,1
12097,2000,13,5
12099,2000,3,6
12104,2000,10,1
12110,2000,11,1
12120,2000,19,6
12123,2000,23,3
12128,2000,12,2
12132,2000,13,0
12133,2000,3,0
12136,2000,24,15
12138,2000,14,5
12145,2000,14,9
12150,2000,4,1
12152,2000,16,12
12156,2000,46,4
12161,2000,11,2
12162,2000,21,2
12163,2000,2,0
12166,2000,5,0
12167,2000,21,17
12181,2000,5,0
12183,2000,6,1
12186,2000,6,0
12195,2000,10,0
12203,2000,22,0
12204,2000,9,6
12205,2000,13,2
12210,2000,3,0
12211,2000,29,1
12212,2000,19,5
12219,2000,18,5
12232,2000,14,19
12235,2000,7,4
12238,2000,0,5
12241,2000,8,9
12249,2000,30,0
12251,2000,8,0
12253,2000,6,2
12256,2000,3,1
12258,2000,9,0
12261,2000,10,5
12264,2000,26,1
12267,2000,15,3
12271,2000,16,12
12273,2000,5,1
12278,2000,34,9
12281,2000,8,0
12282,2000,4,2
12289,2000,6,10
12305,2000,15,1
12308,2000,19,40
12311,2000,11,3
12318,2000,23,2
12322,2000,8,0
12325,2000,7,1
12327,2000,3,0
12337,2000,16,5
12339,2000,1,0
12351,2000,12,17
12371,2000,16,7
12378,2000,7,4
12383,2000,6,2
101005,2000,12,1
101011,2000,3,1
101021,2001,2,0
101022,2001,3,5
101023,2001,7,2
101025,2001,28,10
101032,2001,17,18
101042,2001,34,13
101045,2001,18,3
101051,2001,11,18
101053,2001,3,4
101057,2001,28,3
101059,2001,16,1
101075,2001,3,2
101078,2001,7,2
101080,2001,20,1
101081,2001,37,1
101085,2001,8,7
101092,2001,27,5
101098,2001,14,4
101103,2001,50,7
101105,2001,58,3
101110,2001,14,4
101118,2001,19,9
101120,2001,14,0
101122,2001,12,3
101127,2001,30,13
101138,2001,3,0
101142,2001,18,3
101143,2001,18,1
101145,2001,23,3
101149,2001,5,1
101150,2001,9,3
101152,2001,8,2
101154,2001,28,3
101156,2001,1,0
101166,2001,7,1
101169,2001,7,0
101174,2001,15,1
101189,2001,21,0
101192,2001,34,6
101195,2001,29,0
101202,2001,9,0
101206,2001,21,0
101211,2001,2,1
101214,2001,4,0
101215,2001,18,4
101224,2001,134,14
101225,2001,29,12
101230,2001,69,10
101232,2001,3,5
101237,2001,10,1
101248,2001,20,2
101249,2001,62,10
101260,2001,28,5
101267,2001,8,2
101268,2001,7,0
101269,2001,10,7
101271,2001,6,0
101272,2001,21,2
101278,2001,18,2
101279,2001,4,4
101280,2001,10,2
101289,2001,6,1
101300,2001,44,4
101302,2001,8,3
101304,2001,11,12
101305,2001,32,20
101310,2001,4,0
101317,2001,7,0
101318,2001,4,4
101324,2001,15,3
101325,2001,8,5
101330,2001,6,0
101332,2001,26,1
101336,2001,267,26
101337,2001,13,1
101344,2001,37,0
101347,2001,18,5
101350,2001,24,4
101351,2001,24,5
101353,2001,11,0
102006,2001,10,0
102018,2001,27,1
102025,2001,8,3
102033,2001,8,4
102036,2001,21,2
102037,2001,42,2
102040,2001,7,0
102043,2001,36,0
102044,2001,12,1
102047,2001,34,30
102049,2001,5,0
102051,2001,37,4
102053,2001,22,2
102054,2001,2,1
102061,2001,12,2
102065,2001,6,0
102066,2001,5,0
102071,2001,14,7
102077,2001,10,10
102083,2001,10,4
102085,2001,6,7
102087,2001,36,1
102090,2001,16,7
102092,2001,1,0
102093,2001,45,20
102098,2001,25,23
102118,2001,13,0
102120,2001,9,0
102126,2001,8,0
102128,2001,27,9
102129,2001,2,0
102130,2001,7,2
102137,2001,14,3
102139,2001,6,1
102141,2001,2,2
102143,2001,4,4
102144,2001,15,3
102146,2001,7,29
102150,2001,6,0
102156,2001,39,4
102158,2001,2,1
102159,2001,48,2
102169,2001,12,2
102180,2001,14,4
102187,2001,4,5
102189,2001,3,2
102201,2001,18,11
102205,2001,24,0
102206,2001,4,6
102213,2001,20,4
102214,2001,2,0
102218,2001,26,4
102229,2001,10,3
102233,2001,5,1
102237,2001,10,5
102238,2001,14,6
102247,2001,7,6
102248,2001,14,0
102257,2001,29,20
102258,2001,11,0
102261,2001,9,1
102262,2001,20,0
102265,2001,5,8
102269,2001,26,4
102271,2001,8,1
102281,2001,14,5
102284,2001,7,1
102290,2001,6,1
102291,2001,19,10
102292,2001,37,3
102293,2001,2,0
102303,2001,15,8
102307,2001,7,4
102316,2001,9,2
102317,2001,10,7
102318,2001,9,3
102321,2001,28,8
102332,2001,5,5
102334,2001,17,1
102338,2001,6,4
103001,2001,15,7
103003,2001,9,2
103007,2001,18,4
103008,2001,31,5
103011,2001,28,3
103016,2001,2,0
103018,2001,4,2
103039,2001,12,2
103042,2001,13,4
103058,2001,17,2
103060,2001,20,2
103062,2001,8,7
103063,2001,8,10
103076,2001,12,0
103078,2001,8,2
103087,2001,10,11
103088,2001,17,18
103089,2001,6,5
103101,2001,2,2
103113,2001,20,5
103119,2001,13,7
103123,2001,25,8
103129,2001,2,0
103131,2001,4,2
103133,2001,15,5
103134,2001,17,0
103137,2001,11,3
103140,2001,13,2
103150,2001,3,0
103159,2001,2,1
103162,2001,6,3
103163,2001,3,5
103169,2001,66,6
103178,2001,10,3
103186,2001,8,0
103194,2001,6,6
103199,2001,21,17
103203,2001,12,0
103208,2001,14,9
103211,2001,33,11
103213,2001,14,2
103217,2001,26,9
103218,2001,22,4
103219,2001,6,2
103227,2001,29,0
103231,2001,8,2
103232,2001,52,0
103238,2001,7,1
103242,2001,5,3
103259,2001,24,3
103261,2001,8,3
103263,2001,18,6
103269,2001,12,3
103274,2001,15,12
103283,2001,1,0
103284,2001,30,0
103287,2001,3,3
103289,2001,8,4
103290,2001,6,2
103292,2001,18,1
103306,2001,7,1
103314,2001,4,7
103320,2001,34,19
103324,2001,55,13
103341,2001,9,2
103343,2001,11,10
104007,2001,4,0
104014,2001,2,1
104015,2001,3,0
104019,2001,9,3
104027,2001,56,9
104034,2001,30,27
104040,2001,28,3
104047,2001,19,15
104051,2001,13,3
104052,2001,12,10
104062,2001,36,29
104068,2001,14,3
104078,2001,9,0
104087,2001,14,2
104088,2001,16,3
104093,2001,8,0
104097,2001,16,13
104098,2001,14,0
104099,2001,21,2
104101,2001,34,5
104107,2001,7,1
104108,2001,24,8
104110,2001,55,40
104117,2001,13,4
104126,2001,23,16
104135,2001,24,8
104142,2001,17,1
104146,2001,26,10
104153,2001,12,2
104154,2001,6,8
104160,2001,11,0
104164,2001,1,3
104165,2001,0,1
104172,2001,17,0
104176,2001,5,2
104178,2001,18,4
104184,2001,18,1
104188,2001,4,0
104196,2001,5,0
104197,2001,22,1
104201,2001,6,1
104203,2001,3,2
104206,2001,10,0
104207,2001,7,0
104223,2001,1,0
104230,2001,15,5
104249,2001,18,0
104251,2001,38,0
104253,2001,3,3
104254,2001,10,5
104259,2001,27,8
104262,2001,9,5
104270,2001,15,0
104279,2001,19,2
104283,2001,102,17
104284,2001,27,9
104287,2001,33,1
104289,2001,14,4
104293,2001,7,7
104299,2001,2,0
104304,2001,11,15
104306,2001,4,2
104312,2001,12,7
105008,2001,57,15
105009,2001,18,11
105011,2001,58,14
105022,2001,7,1
105024,2001,15,0
105028,2001,42,4
105030,2001,17,1
105037,2001,17,6
105040,2001,25,0
105058,2001,13,1
105059,2001,7,0
105063,2001,10,2
105066,2001,7,3
105069,2001,1,1
105077,2001,29,1
105078,2001,10,1
105079,2001,8,4
105084,2001,9,5
105096,2001,19,22
105097,2001,10,1
105103,2001,22,4
105105,2001,5,4
105106,2001,7,0
105108,2001,13,4
105119,2001,4,1
105141,2001,16,6
105145,2001,14,14
105148,2001,16,5
105154,2001,6,1
105155,2001,95,13
105156,2001,6,3
105157,2001,9,3
105160,2001,27,6
105167,2001,36,0
105170,2001,13,1
105173,2001,23,2
105174,2001,24,4
105179,2001,8,2
105188,2001,9,11
105190,2001,27,3
105193,2001,3,0
105197,2001,3,7
105200,2001,37,10
105205,2001,25,6
105207,2001,5,3
105210,2001,15,0
105217,2001,27,5
105224,2001,25,4
105225,2001,6,2
105229,2001,0,5
105232,2001,2,0
105238,2001,5,0
105240,2001,29,0
105242,2001,8,3
105245,2001,5,0
105255,2001,43,0
105260,2001,25,5
105263,2001,3,1
105267,2001,9,15
105268,2001,12,9
105272,2001,8,0
105273,2001,11,3
105277,2001,10,1
105283,2001,11,9
105292,2001,34,9
105295,2001,40,6
105296,2001,12,3
105304,2001,39,9
105306,2001,31,5
105308,2001,3,5
105311,2001,9,5
105316,2001,5,0
105323,2001,15,4
105325,2001,14,3
105332,2001,4,1
105333,2001,8,0
105338,2001,9,2
105343,2001,17,0
106004,2001,25,3
106008,2001,11,0
106012,2001,81,26
106023,2001,11,3
106025,2001,13,18
106026,2001,3,2
106029,2001,20,14
106031,2001,6,4
106034,2001,24,6
106037,2001,29,5
106044,2001,10,3
106053,2001,25,1
106055,2001,10,5
106057,2001,48,2
106067,2001,19,22
106073,2001,6,0
106081,2001,20,21
106085,2001,16,1
106094,2001,9,3
106096,2001,16,2
106104,2001,27,1
106105,2001,7,1
106106,2001,9,1
106109,2001,2,0
106110,2001,17,6
106112,2001,27,8
106116,2001,35,10
106124,2001,19,9
106130,2001,2,4
106135,2001,33,11
106137,2001,3,1
106138,2001,10,0
106152,2001,31,0
106156,2001,4,2
106170,2001,8,0
106174,2001,4,0
106177,2001,28,0
106178,2001,13,1
106181,2001,17,3
106184,2001,13,7
106192,2001,11,0
106203,2001,9,5
106206,2001,8,2
106207,2001,0,10
106208,2001,9,0
106209,2001,6,0
106211,2001,11,0
106216,2001,5,1
106221,2001,42,10
106245,2001,12,9
106246,2001,22,7
106251,2001,12,3
106255,2001,55,3
106264,2001,2,7
106278,2001,20,5
106280,2001,38,2
106285,2001,30,0
106286,2001,20,1
106294,2001,18,0
106297,2001,2,0
106315,2001,30,51
106319,2001,21,16
106324,2001,10,2
106336,2001,17,5
106344,2001,9,0
106345,2001,13,8
106352,2001,28,7
107006,2001,21,0
107011,2001,1,3
107017,2001,17,2
107020,2001,1,2
107024,2001,11,5
107026,2001,10,0
107036,2001,25,3
107045,2001,5,0
107048,2001,41,8
107052,2001,17,7
107060,2001,15,5
107064,2001,27,10
107071,2001,13,4
107076,2001,8,0
107077,2001,2,1
107078,2001,8,3
107079,2001,14,0
107081,2001,9,16
107083,2001,20,2
107105,2001,6,3
107106,2001,14,3
107108,2001,10,3
107111,2001,31,2
107112,2001,19,5
107113,2001,9,7
107114,2001,14,5
107126,2001,12,0
107127,2001,14,3
107133,2001,26,1
107137,2001,10,0
107139,2001,20,7
107140,2001,7,2
107144,2001,56,10
107146,2001,5,0
107151,2001,10,5
107153,2001,13,2
107154,2001,12,2
107158,2001,12,2
107159,2001,12,2
107163,2001,11,1
107164,2001,1,6
107165,2001,24,7
107172,2001,9,1
107175,2001,14,1
107176,2001,16,3
107179,2001,22,0
107181,2001,32,5
107187,2001,21,3
107192,2001,3,1
107195,2001,17,0
107196,2001,8,0
107202,2001,20,4
107204,2001,44,3
107205,2001,14,3
107208,2001,2,0
107209,2001,15,1
107214,2001,7,1
107215,2001,2,1
107218,2001,24,3
107220,2001,35,2
107222,2001,22,3
107227,2001,13,7
107234,2001,14,3
107243,2001,4,1
107247,2001,21,1
107251,2001,11,1
107252,2001,10,5
107261,2001,3,1
107265,2001,23,11
107268,2001,5,4
107271,2001,20,3
107278,2001,8,0
107279,2001,11,0
107282,2001,8,3
107292,2001,6,0
107293,2001,16,0
107307,2001,11,1
107314,2001,15,0
107316,2001,70,12
107317,2001,8,2
107318,2001,10,2
107320,2001,15,4
107322,2001,4,0
107325,2001,25,2
107331,2001,10,2
108003,2001,4,2
108010,2001,5,2
108015,2001,1,1
108027,2001,20,0
108055,2001,16,6
108059,2001,27,5
108061,2001,13,3
108062,2001,6,0
108074,2001,22,3
108076,2001,9,4
108078,2001,25,2
108080,2001,9,1
108084,2001,36,14
108088,2001,10,0
108089,2001,5,0
108092,2001,19,10
108095,2001,19,2
108096,2001,13,4
108099,2001,34,0
108111,2001,66,2
108124,2001,17,0
108133,2001,15,0
108134,2001,7,1
108135,2001,24,9
108141,2001,46,9
108150,2001,35,2
108151,2001,14,0
108161,2001,10,5
108163,2001,8,0
108168,2001,19,4
108175,2001,28,6
108176,2001,13,1
108180,2001,1,1
108185,2001,14,3
108186,2001,6,3
108187,2001,9,2
108192,2001,27,8
108207,2001,20,1
108209,2001,3,0
108210,2001,6,5
108213,2001,15,6
108224,2001,43,4
108227,2001,24,7
108231,2001,8,0
108240,2001,26,8
108242,2001,19,8
108243,2001,9,7
108244,2001,59,5
108245,2001,33,0
108263,2001,13,1
108264,2001,28,10
108267,2001,55,0
108274,2001,17,5
109007,2001,15,3
109008,2001,6,3
109009,2001,3,2
109010,2001,21,2
109012,2001,6,3
109013,2001,13,2
109018,2001,13,3
109022,2001,6,0
109026,2001,12,1
109032,2001,8,4
109033,2001,6,0
109040,2001,37,0
109044,2001,4,0
109051,2001,12,3
109052,2001,27,1
109056,2001,21,9
109058,2001,19,5
109062,2001,24,6
109063,2001,10,0
109072,2001,8,4
109077,2001,17,4
109084,2001,18,9
109085,2001,5,2
109088,2001,13,1
109090,2001,82,9
109091,2001,14,1
109093,2001,10,4
109094,2001,10,1
109098,2001,6,0
109102,2001,3,4
109109,2001,10,0
109112,2001,11,1
109113,2001,16,9
109115,2001,30,27
109117,2001,27,10
109122,2001,28,5
109130,2001,8,6
109135,2001,20,6
109137,2001,7,1
109140,2001,26,4
109151,2001,14,3
109156,2001,21,4
109159,2001,7,2
109160,2001,29,7
109162,2001,9,0
109174,2001,18,3
109178,2001,26,5
109189,2001,18,1
109191,2001,5,0
109193,2001,3,0
109197,2001,81,9
109201,2001,43,4
109203,2001,17,1
109217,2001,26,5
109223,2001,28,2
109237,2001,22,1
109243,2001,30,1
109250,2001,6,4
109253,2001,30,0
109254,2001,30,1
109255,2001,30,0
109256,2001,9,2
109265,2001,6,1
109269,2001,12,0
109274,2001,5,2
109289,2001,13,1
110003,2001,1,0
110004,2001,11,2
110019,2001,19,2
110022,2001,25,5
110024,2001,37,0
110029,2001,43,0
110031,2001,3,11
110033,2001,10,5
110034,2001,8,7
110052,2001,18,0
110056,2001,8,4
110060,2001,10,0
110063,2001,14,1
110069,2001,4,5
110082,2001,5,0
110087,2001,62,2
110100,2001,4,0
110106,2001,32,2
110107,2001,21,0
110108,2001,14,0
110123,2001,6,3
110126,2001,18,8
110129,2001,8,4
110130,2001,10,0
110135,2001,23,1
110141,2001,21,1
110149,2001,8,1
110156,2001,27,3
110162,2001,4,0
110166,2001,12,0
110179,2001,16,0
110180,2001,19,2
110184,2001,22,0
110192,2001,42,1
110193,2001,21,3
110197,2001,18,2
110203,2001,13,4
110208,2001,18,1
110216,2001,37,6
110221,2001,24,4
110226,2001,11,0
110229,2001,20,0
110246,2001,4,0
110251,2001,19,0
110252,2001,16,3
110254,2001,3,1
110261,2001,1,3
110263,2001,13,2
110270,2001,28,0
110271,2001,9,0
110274,2001,4,0
110278,2001,36,2
110284,2001,16,2
110291,2001,15,4
110301,2001,40,4
110303,2001,7,0
110331,2001,19,1
110332,2001,16,3
110333,2001,10,1
110334,2001,5,4
110335,2001,5,1
110336,2001,5,0
110343,2001,5,1
110348,2001,9,3
110349,2001,2,0
110352,2001,21,0
110358,2001,6,0
110360,2001,9,1
110365,2001,20,3
110376,2001,19,3
110378,2001,9,2
110398,2001,31,0
110400,2001,5,2
110402,2001,13,1
110409,2001,34,8
110412,2001,5,0
110418,2001,14,0
111003,2001,21,0
111006,2001,12,0
111016,2001,7,4
111031,2001,15,0
111037,2001,11,2
111047,2001,28,11
111059,2001,9,25
111060,2001,28,3
111063,2001,8,1
111077,2001,11,3
111078,2001,23,8
111080,2001,26,0
111082,2001,8,10
111085,2001,14,1
111089,2001,21,2
111090,2001,14,3
111092,2001,66,4
111093,2001,10,2
111105,2001,8,0
111106,2001,38,5
111121,2001,13,0
111127,2001,39,2
111129,2001,16,0
111143,2001,18,0
111144,2001,4,6
111157,2001,23,2
111158,2001,21,6
111163,2001,7,1
111168,2001,4,0
111170,2001,4,0
111171,2001,5,0
111176,2001,6,1
111180,2001,26,1
111183,2001,8,1
111184,2001,16,0
111186,2001,11,1
111189,2001,1,2
111190,2001,0,21
111192,2001,19,0
111196,2001,19,4
111198,2001,113,1
111204,2001,2,1
111208,2001,7,3
111209,2001,19,6
111215,2001,15,2
111219,2001,7,0
111221,2001,8,1
111225,2001,11,0
111234,2001,10,4
111240,2001,13,1
111244,2001,22,14
111245,2001,43,7
111249,2001,12,3
111267,2001,20,13
111270,2001,10,0
111274,2001,6,0
111281,2001,14,0
111297,2001,14,1
111305,2001,6,2
111306,2001,11,0
111308,2001,14,1
111309,2001,12,3
111314,2001,45,5
111315,2001,20,4
111332,2001,41,6
111338,2001,40,2
111340,2001,48,2
111344,2001,13,2
111345,2001,11,0
111349,2001,35,0
111357,2001,17,4
111359,2001,4,6
111361,2001,7,0
111377,2001,41,3
111382,2001,36,1
111386,2001,8,1
111387,2001,10,0
111388,2001,2,0
111391,2001,17,1
111396,2001,4,1
111400,2001,15,0
111403,2001,9,3
111444,2001,3,0
111455,2001,11,0
111466,2001,12,0
111472,2001,32,10
112016,2001,8,0
112020,2001,17,0
112021,2001,17,1
112023,2001,30,0
112025,2001,10,1
112028,2001,6,1
112035,2001,14,0
112038,2001,3,0
112058,2001,20,1
112062,2001,7,2
112065,2001,5,1
112070,2001,9,1
112096,2001,1,0
112106,2001,7,0
112108,2001,47,12
112110,2001,2,2
112112,2001,13,1
112114,2001,12,4
112115,2001,9,0
112116,2001,11,0
112117,2001,9,18
112126,2001,37,5
112127,2001,14,0
112129,2001,8,4
112131,2001,7,0
112134,2001,18,0
112140,2001,9,3
112144,2001,11,1
112145,2001,15,0
112146,2001,8,1
112150,2001,5,1
112164,2001,13,0
112177,2001,21,21
112187,2001,7,0
112190,2001,27,0
112191,2001,24,1
112199,2001,19,0
112204,2001,12,0
112205,2001,6,8
112209,2001,35,2
112225,2001,16,1
112228,2001,12,5
112229,2001,7,0
112235,2001,34,5
112245,2001,20,2
112276,2001,21,5
112278,2001,12,8
112279,2001,3,1
112281,2001,25,5
112288,2001,17,0
112294,2001,10,0
112296,2001,6,1
112300,2001,17,10
112302,2001,21,10
112309,2001,21,0
112310,2001,8,1
112328,2001,25,1
201001,2001,50,4
201005,2002,5,4
201006,2002,21,8
201017,2002,15,0
201019,2002,20,6
201020,2002,4,0
201025,2002,4,2
201036,2002,40,4
201041,2002,10,0
201043,2002,11,3
201047,2002,1,1
201048,2002,19,2
201049,2002,10,2
201059,2002,11,6
201065,2002,19,0
201066,2002,8,1
201068,2002,16,0
201071,2002,230,18
201075,2002,81,2
201078,2002,21,0
201085,2002,2,0
201088,2002,16,1
201091,2002,23,3
201096,2002,2,0
201100,2002,13,0
201127,2002,19,18
201137,2002,40,1
201144,2002,7,2
201146,2002,89,2
201148,2002,5,6
201151,2002,4,1
201161,2002,35,7
201164,2002,3,2
201165,2002,52,0
201170,2002,9,2
201171,2002,11,6
201174,2002,11,5
201175,2002,4,0
201180,2002,19,0
201183,2002,25,1
201199,2002,25,1
201210,2002,10,1
201217,2002,17,4
201218,2002,29,0
201224,2002,15,4
201226,2002,17,3
201230,2002,10,2
201242,2002,5,3
201253,2002,34,3
201257,2002,5,1
201261,2002,20,6
201266,2002,24,0
201271,2002,14,2
201272,2002,9,0
201274,2002,15,3
201276,2002,14,0
201277,2002,13,3
201285,2002,28,0
201286,2002,30,1
201287,2002,1,1
201288,2002,5,0
201292,2002,3,0
201293,2002,31,1
201295,2002,10,0
201300,2002,18,2
201301,2002,15,2
201303,2002,4,0
201313,2002,18,1
202001,2002,58,6
202004,2002,7,0
202006,2002,9,3
202010,2002,15,6
202012,2002,36,7
202015,2002,4,1
202019,2002,21,1
202020,2002,21,1
202028,2002,7,0
202034,2002,8,2
202037,2002,43,2
202042,2002,1,0
202056,2002,21,2
202058,2002,59,7
202067,2002,7,0
202073,2002,11,1
202077,2002,25,2
202079,2002,3,0
202088,2002,13,3
202089,2002,4,6
202090,2002,6,3
202098,2002,3,2
202099,2002,5,0
202102,2002,4,1
202115,2002,9,0
202125,2002,26,2
202131,2002,37,12
202136,2002,7,3
202140,2002,4,3
202142,2002,14,1
202146,2002,9,0
202153,2002,11,1
202159,2002,5,0
202177,2002,27,4
202181,2002,10,0
202185,2002,17,1
202187,2002,2,0
202194,2002,0,3
202200,2002,58,3
202202,2002,10,2
202205,2002,12,6
202215,2002,28,0
202226,2002,22,2
202233,2002,23,12
202236,2002,7,0
202246,2002,12,6
202248,2002,20,1
202251,2002,22,4
202255,2002,21,2
202262,2002,7,1
202265,2002,13,2
202268,2002,4,1
202270,2002,37,17
202275,2002,41,2
202277,2002,10,5
203003,2002,11,4
203008,2002,3,2
203016,2002,2,0
203017,2002,13,0
203019,2002,14,0
203029,2002,4,3
203030,2002,34,1
203038,2002,17,0
203050,2002,2,3
203056,2002,96,11
203057,2002,5,0
203059,2002,17,5
203062,2002,5,3
203063,2002,14,3
203074,2002,31,0
203079,2002,80,17
203082,2002,4,2
203091,2002,11,5
203092,2002,14,2
203105,2002,9,0
203108,2002,16,2
203120,,30,0
203122,,17,1
203123,,12,9
203128,,17,2
203131,,23,2
203135,,8,3
203140,,5,1
203141,,3,2
203149,2002,8,7
203155,,43,12
203162,,5,0
203163,,14,0
203166,,53,9
203177,,4,0
203183,,19,0
203184,,13,4
203186,,12,3
203194,,6,0
203199,,5,1
203211,,9,1
203212,,12,1
203219,,103,0
203224,,17,2
203229,,63,1
203235,,25,0
203243,,12,1
203246,,16,0
203248,,11,0
203251,,15,0
203258,,7,13
203262,,6,0
203264,,21,0
203268,,9,0
204001,,12,9
204005,,4,2
204006,,4,2
204007,,14,0
204014,,18,4
204015,,1,0
204016,,17,0
204018,,9,0
204020,,10,2
204024,,5,1
204026,,4,0
204028,,25,6
204030,,7,0
204031,,108,3
204044,,27,4
204056,,9,2
204060,,16,2
204075,,9,0
204076,,14,0
204079,,15,8
204080,,36,3
204082,,6,0
204092,,37,2
204093,,20,1
204095,,14,3
204104,,16,0
204109,,7,2
204115,,24,4
204128,,13,0
204131,,5,0
204132,,17,0
204139,,13,1
204147,,14,1
204149,,20,2
204172,,11,1
204175,,6,0
204179,,4,1
204181,,14,2
204190,,1,0
204196,,23,1
204205,,27,10
204206,,28,0
204209,,7,0
204210,,13,1
204211,,11,4
204213,,22,3
204215,,10,2
204219,,27,0
204224,,19,5
204240,,22,0
204242,,10,1
204244,,6,2
204249,,9,0
204250,,14,3
204251,,54,1
204252,,6,0
204257,,1,0
204259,,16,0
204263,,3,1
204268,,12,0
204269,,7,0
204272,,2,1
204274,,20,0
204275,,8,4
204279,,9,2
204289,,2,2
204290,,39,6
204297,,18,1
204299,,111,5
204309,,2,0
204316,,113,6
204318,,16,0
204319,,21,1
204321,,18,1
204323,,13,1
204328,,17,3
204337,,13,4
204338,,12,0
204340,,6,0
204346,,25,0
204361,,16,0
205010,,13,0
205013,,5,5
205017,,8,1
205027,,17,0
205037,,25,5
205044,,27,5
205046,,24,5
205054,,14,0
205059,,9,1
205064,,11,5
205072,,6,1
205084,,26,5
205088,,3,1
205089,,21,1
205095,,13,0
205099,,16,0
205108,,31,5
205109,,20,4
205111,,18,3
205140,,2,0
205145,,7,0
205148,,11,2
205151,,18,1
205159,,7,0
205160,,60,1
205165,,20,6
205172,,4,1
205176,,15,3
205177,,16,1
205187,,6,0
205193,,21,0
205196,,5,0
205205,,14,2
205209,,2,0
205212,,24,2
205216,,13,1
205219,,7,2
205231,,3,0
205232,,12,1
205256,,5,0
205270,,24,3
205272,,5,4
205274,,13,1
205276,,8,1
205279,,37,0
205286,,17,3
205290,,2,4
205291,,10,0
205306,,16,0
205325,,47,8
205332,,9,5
205333,,11,0
205334,,34,5
205341,,9,2
205343,,4,4
205346,,1,0
205347,,11,0
205348,,13,0
206003,,13,9
206005,,9,4
206021,,5,6
206022,,8,3
206025,,15,0
206029,,4,2
206030,,34,1
206033,,13,1
206039,,4,0
206043,,10,0
206050,,4,0
206053,,12,0
206056,,19,4
206061,,30,0
206064,,17,1
206065,,28,0
206066,,8,2
206077,,65,7
206088,,5,1
206091,,7,0
206094,,9,1
206095,,31,1
206101,,21,10
206104,,7,2
206129,,10,0
206130,,5,1
206135,,5,1
206136,,16,8
206140,,54,3
206147,,10,0
206156,,12,1
206158,,27,2
206161,,8,0
206167,,42,2
206169,,76,3
206174,,18,3
206186,,31,0
206188,,7,0
206219,,7,0
206220,,7,1
206227,,19,0
206231,,19,1
206237,,7,4
206238,,12,1
206241,,28,7
206242,,11,3
206247,,6,0
206248,,53,1
206253,,14,1
206258,,19,3
206269,,6,3
206271,,11,0
206277,,6,0
206279,,27,3
206284,,19,3
206288,,17,0
206292,,1,1
206297,,21,1
206303,,15,0
206304,,19,1
206306,,14,1
207005,,36,2
207010,,12,3
207016,,23,0
207021,,11,0
207022,,14,1
207027,,7,1
207028,,26,0
207031,,5,1
207034,,3,1
207036,,27,5
207039,,10,0
207042,,26,8
207043,,16,3
207052,,10,3
207055,,61,4
207057,,5,0
207058,,24,0
207059,,9,1
207061,,17,1
207071,,13,0
207082,,37,0
207089,,17,0
207092,,11,5
207103,,6,0
207104,,8,0
207105,,7,0
207106,,7,0
207107,,10,1
207126,,37,4
207135,,5,0
207136,,8,2
207138,,14,0
207147,,34,1
207153,,26,1
207176,,13,0
207178,,31,0
207188,,27,0
207191,,10,3
207204,,23,1
207207,,2,0
207208,,1,0
207210,,11,3
207220,,22,0
207225,,11,0
207231,,25,0
207232,,6,0
207235,,13,1
207237,,35,1
207242,,21,1
207243,,3,3
207245,,7,1
207247,,45,1
207248,,37,1
207258,,3,0
207259,,8,1
207267,,3,0
207276,,19,0
207277,,57,3
207287,,27,5
207290,,14,0
207300,,13,3
207307,,16,2
207309,,27,0
207313,,22,4
207317,,9,0
207325,,5,0
207336,,15,0
207349,,4,0
207351,,14,0
207356,,18,8
207358,,9,4
207365,,31,2
207369,,14,0
207374,,26,0
208006,,9,0
208007,,17,1
208015,,11,1
208019,,35,4
208028,,25,0
208031,,24,2
208037,,6,0
208040,,11,2
208043,,81,5
208049,,5,0
208051,,3,0
208054,,10,0
208064,,1,0
208066,,5,0
208068,,36,0
208073,,27,2
208090,,18,0
208091,,19,7
208098,,2,1
208105,,6,0
208113,,11,8
208114,,82,0
208120,,9,0
208123,,26,0
208124,,20,0
208129,,10,0
208141,,27,3
208144,,7,1
208155,,17,1
208160,,31,1
208161,,1,0
208162,,18,1
208168,,18,0
208171,,20,2
208172,,14,0
208173,,2,0
208177,,16,9
208181,,13,0
208185,,11,0
208192,,10,0
208198,,20,2
208200,,12,0
208206,,3,0
208209,,120,5
208224,,20,1
208226,,17,3
208236,,55,0
208243,,9,1
208244,,9,0
208245,,11,0
208250,,9,0
208256,,20,2
208260,,4,0
209003,,19,0
209006,,31,3
209009,,13,0
209010,,11,7
209011,,31,0
209015,,13,3
209029,,18,1
209030,,17,1
209033,,3,0
209034,,6,0
209044,,6,1
209055,,9,0
209079,,16,1
209080,,22,1
209084,,15,7
209089,,19,0
209091,,23,1
209101,,11,0
209114,,25,1
209121,,23,2
209128,,9,1
209137,,8,0
209165,,4,2
209174,,35,4
209185,,7,1
209204,,4,0
209230,,10,0
209233,,25,2
209244,,102,0
209252,,25,1
209263,,13,1
209265,,11,1
209271,,6,0
209274,,9,0
209276,,22,0
209290,,16,3
209291,,10,0
209292,,6,0
209298,,13,0
209305,,29,2
209315,,4,1
209316,,5,3
209320,,18,0
209323,,14,0
209328,,3,0
209331,,33,0
209340,,40,2
209354,,0,1
210003,,10,1
210008,,14,0
210014,,3,0
210017,,3,0
210019,,2,0
210024,,10,0
210028,,19,0
210032,,25,2
210033,,9,1
210034,,6,2
210035,,11,1
210039,,10,0
210042,,9,0
210060,,8,0
210061,,12,0
210078,,13,2
210082,,24,0
210091,,17,2
210092,,9,0
210094,,12,1
210097,,17,0
210100,,9,0
210112,,31,2
210132,,8,1
210134,,6,1
210139,,8,1
210141,,13,0
210142,,23,0
210146,,12,0
210150,,17,1
210151,,5,0
210157,,17,3
210162,,2,0
210179,,6,0
210181,,12,0
210183,,21,1
210187,,8,0
210189,,13,0
210193,,15,3
210201,,25,0
210216,,5,0
210227,,20,0
210236,,40,2
210258,,20,2
210259,,7,0
210261,,9,0
210271,,9,0
210278,,13,1
210282,,12,0
210285,,12,0
210291,,54,4
210305,,17,1
210309,,33,0
210324,,15,0
210361,,12,0
210362,,15,0
210376,,22,0
210380,,8,0
210381,,15,2
210390,,48,0
210398,,74,0
210408,,16,0
210414,,12,0
210416,,14,0
210423,,13,0
210429,,27,0
210430,,20,2
210431,,32,0
210442,,25,4
210445,,26,0
211003,,25,0
211004,,12,0
211007,,31,3
211008,,15,2
211010,,48,0
211014,,6,0
211021,,44,3
211026,,12,0
211027,,6,0
211029,,9,0
211034,,12,0
211041,,12,1
211046,,9,1
211052,,33,0
211060,,10,0
211071,,14,1
211077,,27,0
211080,,12,2
211103,,55,1
211113,,11,1
211116,,13,0
211121,,16,0
211124,,12,3
211139,,5,0
211149,,1,0
211154,,34,0
211155,,10,1
211157,,7,0
211160,,16,0
211165,,8,0
211168,,39,0
211190,,7,1
211191,,14,0
211212,,8,0
211216,,10,0
211222,,13,0
211223,,26,0
211224,,21,1
211226,,16,0
211229,,18,0
211237,,7,0
211248,,8,0
211256,,7,0
211263,,5,0
211271,,8,3
211274,,19,0
211275,,16,0
211280,,12,0
211287,,31,4
211299,,18,1
211317,,33,0
211322,,12,0
211326,,11,0
211330,,21,0
211331,,128,4
211333,,7,1
211335,,31,0
211344,,16,0
211348,,19,1
211353,,11,0
211363,,26,0
211366,,21,4
211370,,59,0
211372,,9,0
211377,,16,0
211382,,28,1
211386,,10,0
211389,,5,0
211395,,12,0
211399,,1,0
211404,,10,0
211406,,8,0
211411,,15,1
211432,,28,2
211434,,50,1
211446,,40,0
211453,,19,0
211464,,10,0
212002,,21,0
212011,,9,0
212017,,28,0
212021,,7,1
212023,,19,1
212025,,55,0
212026,,31,1
212029,,1,0
212037,,29,0
212050,,29,0
212058,,5,0
212068,,26,0
212074,,12,0
212078,,22,2
212081,,9,0
212085,,31,1
212091,,22,0
212095,,12,0
212100,,7,0
212106,,28,0
212117,,13,0
212121,,19,0
212123,,42,0
212124,,15,0
212132,,34,3
212143,,28,1
212154,,21,0
212158,,59,0
212159,,16,0
212161,,19,1
212163,,13,0
212168,,4,0
212170,,5,0
212176,,15,0
212190,,2,0
212198,,9,0
212205,,8,0
212224,,9,0
212227,,7,0
212228,,3,2
212230,,14,0
212237,,69,0
212238,,18,0
212245,,14,0
212248,,7,0
212250,,14,2
212252,,5,0
212257,,14,0
212271,,25,1
212280,,15,0
212286,,16,1
212287,,5,0
212290,,20,0
212304,,131,1
212305,,25,0
212317,,12,0
212318,,35,0
212319,,29,0
212321,,15,0
212328,,1,0
212334,,4,0
212344,,4,0
212349,,2,0
212350,,29,0
212357,,13,0
212366,,10,0
212371,,8,0
212374,,29,1
212380,,60,0
212383,,15,0
212389,,22,0
212391,,12,0
212392,,4,0
212406,,70,0
212410,,4,0
301003,,10,0
301007,,9,0
301010,,18,0
301023,,70,0
301039,,16,0
301040,,8,1
301049,,20,0
301053,,19,0
301058,,10,0
301065,,13,0
301074,,26,0
301079,,36,0
301084,,53,0
301094,,14,0
301101,,46,2
301103,,7,0
301118,,27,0
301126,,7,0
301135,,19,0
301136,,3,0
301138,,33,0
301141,,5,0
301151,,12,0
301155,,10,0
301165,,19,2
301167,,16,2
301181,,15,0
301182,,14,0
301187,,16,2
301192,,8,0
301202,,12,0
301208,,3,1
301213,,2,0
301214,,2,0
301219,,26,1
301228,,12,0
301229,,6,0
301243,,43,0
301245,,4,0
301248,,18,0
301263,,13,0
301277,,8,0
301278,,20,0
301279,,23,0
301280,,15,1
302003,,0,14
302020,,2,0
302021,,35,0
302031,,51,0
302037,,5,0
302040,,13,0
302053,,37,0
302055,,6,0
302061,,15,0
302067,,9,2
302068,,8,0
302069,,10,0
302071,,5,0
302072,,9,1
302079,,7,0
302081,,5,0
302086,,6,0
302088,,7,0
302089,,19,0
302091,,14,0
302101,,13,0
302102,,28,2
302103,,35,0
302111,,6,0
302112,,17,0
302122,,1,0
302123,,24,0
302132,,45,0
302142,,18,0
302149,,15,0
302151,,10,0
302155,,47,0
302156,,17,0
302166,,4,0
302174,,68,0
302179,,56,0
302180,,18,0
302182,,6,0
302184,,8,0
302186,,13,0
302193,,21,0
302201,,4,0
302231,,10,0
302241,,32,0
302255,,12,0
302269,,22,0
302275,,14,0
9203201,1992,0,66
9203203,1992,0,142
9203210,1992,2,7
9203216,1992,0,15
9203217,1992,0,3
9203222,1992,1,19
9203223,1992,0,44
9203225,1992,0,43
9204204,1992,0,15
9204206,1992,0,6
9204207,1992,0,20
9204210,1992,0,6
9204211,1992,0,16
9204212,1992,0,11
9204215,1992,0,20
9204216,1992,0,41
9204219,1992,0,10
9204222,1992,0,11
9204225,1992,0,39
9204226,1992,0,12
9204228,1992,0,43
9204229,1992,1,36
9204236,1992,0,8
9205204,1992,0,3
9205209,1992,0,3
9205210,1992,0,10
9205213,1992,0,22
9205228,1992,0,75
9205229,1992,0,6
9205230,1992,0,10
9205231,1992,0,4
9205234,1992,0,30
9205237,1992,0,20
9205238,1992,0,84
9205240,1992,0,13
9205243,1992,0,38
9205247,1992,0,28
9206205,1992,0,30
9206214,1992,0,30
9206218,1992,0,52
9206236,1992,0,68
9206241,1992,0,50
9206246,1992,0,20
9206262,1992,0,22
9206266,1992,0,54
9207213,1992,0,4
9207214,1992,0,120
9207217,1992,0,31
9207218,1992,0,27
9207221,1992,0,75
9207223,1992,1,5
9207228,1992,0,26
9207234,1992,0,83
9207235,1992,0,9
9207236,1992,0,47
9207240,1992,0,8
9207257,1992,0,7
9207265,1992,0,21
9207266,1992,0,5
9207273,1992,0,7
9207274,1992,0,2
9207278,1992,0,25
9207279,1992,0,68
9208201,1992,0,9
9208205,1992,1,17
9208208,1992,0,3
9208213,1992,0,86
9208215,1992,0,12
9208221,1992,0,49
9208228,1992,0,3
9208231,1992,1,15
9208238,1992,0,25
9208242,1992,0,35
9208244,1992,2,18
9208248,1992,0,53
9208253,1992,0,12
9208254,1992,0,17
9209205,1992,0,168
9209213,1992,1,25
9209220,1992,0,25
9209231,1992,0,14
9209232,1992,0,139
9209239,1992,1,53
9209241,1992,0,51
9209244,1992,1,5
9209245,1992,0,43
9209247,1992,0,9
9209248,1992,0,43
9209251,1992,0,117
9209256,1992,0,25
9209257,1992,0,15
9209262,1992,2,41
9209268,1992,0,69
9209269,1992,0,32
9209272,1992,3,10
9209275,1992,0,9
9209277,1992,1,22
9209289,1992,0,36
9209294,1992,0,3
9209299,1992,0,6
9210208,1992,0,15
9210211,1992,0,9
9210212,1992,0,3
9210214,1992,0,3
9210215,1992,0,5
9210218,1992,0,13
9210231,1992,0,10
9210233,1992,1,11
9210235,1992,0,106
9210239,1992,0,6
9210242,1992,0,65
9210253,1992,0,62
9210262,1992,0,10
9210276,1992,1,7
9210279,1992,0,4
9210281,1992,1,9
9211204,1992,0,58
9211211,1992,3,18
9211219,1992,1,8
9211239,1992,0,29
9211247,1992,0,18
9211248,1992,2,55
9211256,1992,0,87
9211260,1992,0,77
9211267,1992,1,9
9211292,1992,1,9
9211296,1992,0,5
9211302,1992,1,21
9211303,1992,2,10
9211304,1992,0,92
9211309,1992,0,33
9211319,1992,0,4
9211321,1992,0,85
9211328,1992,0,3
9211329,1992,0,4
9211334,1992,2,1
9212203,1992,0,78
9212208,1992,0,2
9212212,1992,1,52
9212223,1992,0,1
9212224,1992,1,21
9212226,1992,2,32
9212231,1992,1,0
9212235,1992,4,103
9212236,1992,0,19
9212245,1992,0,3
9212246,1992,0,11
9212248,1992,3,46
9212265,1992,0,2
9212273,1992,0,2
9212277,1992,0,7
9212278,1992,1,64
9212285,1992,1,54
9212288,1992,2,34
9212305,1992,1,38
9212308,1992,0,21
9212315,1992,0,5
9301205,1993,0,8
9301217,1993,1,2
9301228,1993,3,4
9301229,1993,0,25
9301237,1993,0,14
9301242,1993,0,17
9301244,1993,0,37
9301253,1993,0,22
9301254,1993,0,12
9301259,1993,0,23
9301268,1993,0,14
9301276,1993,0,21
9301278,1993,0,9
9301281,1993,0,14
9301285,1993,3,8
9301296,1993,0,2
9302202,1993,1,26
9302203,1993,0,10
9302207,1993,2,28
9302208,1993,1,54
9302210,1993,9,168
9302211,1993,0,8
9302214,1993,0,11
9302217,1993,0,32
9302223,1993,0,19
9302224,1993,1,20
9302225,1993,0,65
9302232,1993,0,45
9302238,1993,0,9
9302239,1993,0,26
9302240,1993,0,46
9302244,1993,0,18
9302247,1993,5,57
9302248,1993,1,24
9302250,1993,0,6
9302255,1993,2,4
9302258,1993,2,10
9302268,1993,0,6
9302269,1993,4,8
9302274,1993,1,9
9302280,1993,0,46
9302281,1993,0,13
9302288,1993,1,25
9302291,1993,0,12
9302296,1993,2,3
9302298,1993,0,10
9302301,1993,1,3
9302307,1993,1,51
9302315,1993,0,9
9302316,1993,1,24
9302318,1993,0,45
9303202,1993,0,104
9303204,1993,0,18
9303207,1993,13,19
9303216,1993,1,5
9303220,1993,3,2
9303225,1993,2,24
9303226,1993,1,15
9303227,1993,1,3
9303230,1993,0,142
9303238,1993,0,34
9303241,1993,1,48
9303249,1993,1,22
9303251,1993,5,55
9303255,1993,0,66
9303257,1993,1,12
9303258,1993,1,6
9303264,1993,0,4
9303270,1993,0,138
9303274,1993,0,62
9303281,1993,1,43
9303282,1993,5,2
9303284,1993,1,106
9303291,1993,0,38
9303303,1993,3,27
9303306,1993,0,6
9303308,1993,0,6
9303309,1993,0,61
9303311,1993,0,26
9303317,1993,4,80
9303320,1993,2,60
9304201,1993,0,1
9304203,1993,0,4
9304207,1993,0,4
9304211,1993,0,33
9304217,1993,1,6
9304225,1993,0,125
9304230,1993,0,14
9304233,1993,1,7
9304240,1993,0,18
9304249,1993,0,7
9304254,1993,5,12
9304255,1993,1,10
9304256,1993,1,6
9304257,1993,1,143
9304262,1993,1,7
9304263,1993,1,6
9304265,1993,5,28
9304267,1993,3,30
9304277,1993,3,51
9304284,1993,4,1
9304286,1993,0,8
9304292,1993,0,3
9304295,1993,5,53
9304299,1993,1,59
9304303,1993,1,30
9304305,1993,3,3
9304307,1993,0,102
9304311,1993,0,9
9304314,1993,0,5
9304315,1993,0,21
9305201,1993,2,5
9305206,1993,1,41
9305225,1993,0,34
9305228,1993,0,39
9305235,1993,6,1
9305239,1993,0,41
9305240,1993,0,3
9305248,1993,4,6
9305251,1993,0,11
9305260,1993,0,14
9305262,1993,0,29
9305266,1993,0,26
9305267,1993,1,63
9305269,1993,0,26
9305273,1993,1,10
9305274,1993,0,71
9305275,1993,5,51
9305277,1993,0,11
9305283,1993,0,6
9305293,1993,0,13
9305305,1993,0,21
9305306,1993,3,44
9305309,1993,0,32
9305310,1993,1,13
9305314,1993,0,13
9305315,1993,1,25
9305319,1993,1,44
9305335,1993,0,20
9305340,1993,2,4
9305345,1993,1,74
9305348,1993,0,46
9306201,1993,0,16
9306204,1993,0,18
9306205,1993,4,61
9306207,1993,4,15
9306219,1993,0,9
9306220,1993,1,28
9306229,1993,1,28
9306230,1993,0,53
9306237,1993,1,4
9306240,1993,2,29
9306241,1993,0,31
9306251,1993,0,15
9306256,1993,1,24
9306277,1993,6,8
9306289,1993,2,81
9306292,1993,2,19
9306293,1993,2,2
9306294,1993,1,18
9306302,1993,2,3
9306309,1993,4,123
9306314,1993,1,25
9306320,1993,10,246
9306322,1993,2,15
9306323,1993,0,23
9306337,1993,0,24
9307201,1993,0,77
9307210,1993,0,12
9307211,1993,10,0
9307217,1993,0,10
9307221,1993,0,33
9307222,1993,0,26
9307223,1993,1,1
9307226,1993,0,12
9307230,1993,2,12
9307235,1993,1,26
9307241,1993,4,79
9307242,1993,0,65
9307243,1993,4,48
9307244,1993,3,57
9307245,1993,1,36
9307247,1993,4,82
9307249,1993,2,52
9307260,1993,0,10
9307262,1993,0,18
9307263,1993,0,6
9307266,1993,2,52
9307268,1993,4,13
9307269,1993,0,10
9307291,1993,8,65
9307295,1993,1,6
9307301,1993,2,90
9307312,1993,1,19
9307316,1993,1,6
9307324,1993,1,30
9307326,1993,0,7
9307329,1993,1,44
9307330,1993,5,15
9307332,1993,2,0
9307335,1993,3,0
9307337,1993,0,13
9307342,1993,0,23
9307347,1993,0,29
9307356,1993,0,14
9307364,1993,0,87
9307366,1993,0,3
9307369,1993,0,7
9308205,1993,1,8
9308209,1993,12,4
9308210,1993,3,46
9308222,1993,0,65
9308234,1993,8,4
9308236,1993,0,2
9308241,1993,1,21
9308246,1993,4,115
9308262,1993,5,46
9308263,1993,1,33
9308264,1993,0,18
9308266,1993,5,25
9308271,1993,0,73
9308272,1993,0,43
9308273,1993,1,7
9308277,1993,1,17
9308279,1993,0,4
9308283,1993,9,12
9308284,1993,0,14
9308285,1993,4,0
9308288,1993,6,83
9308304,1993,1,15
9308309,1993,7,23
9308310,1993,0,10
9308315,1993,4,24
9308317,1993,3,11
9308322,1993,1,4
9308325,1993,0,14
9308333,1993,3,52
9308335,1993,1,75
9308336,1993,3,45
9308337,1993,1,18
9308341,1993,1,1
9308349,1993,1,84
9308351,1993,3,8
9308354,1993,2,0
9308359,1993,1,6
9308363,1993,6,25
9308369,1993,3,6
9308370,1993,1,3
9308374,1993,0,19
9309203,1993,1,12
9309211,1993,1,13
9309216,1993,0,10
9309246,1993,1,7
9309250,1993,8,0
9309252,1993,0,12
9309260,1993,0,3
9309263,1993,0,13
9309266,1993,6,69
9309269,1993,1,1
9309272,1993,7,27
9309283,1993,0,34
9309286,1993,0,10
9309288,1993,5,0
9309289,1993,0,133
9309291,1993,1,0
9309293,1993,4,40
9309294,1993,1,40
9309297,1993,0,3
9309298,1993,3,37
9309299,1993,1,11
9309301,1993,5,2
9309303,1993,0,10
9309310,1993,1,102
9309326,1993,1,24
9309333,1993,0,3
9309336,1993,0,6
9310204,1993,0,4
9310208,1993,0,12
9310211,1993,0,19
9310212,1993,6,63
9310216,1993,2,12
9310218,1993,5,0
9310222,1993,1,3
9310227,1993,0,9
9310229,1993,0,7
9310233,1993,1,67
9310236,1993,0,70
9310242,1993,1,15
9310247,1993,1,12
9310251,1993,1,0
9310253,1993,1,23
9310257,1993,1,29
9310261,1993,0,25
9310272,1993,7,6
9310279,1993,0,12
9310280,1993,0,1
9310281,1993,2,16
9310286,1993,2,19
9310287,1993,0,1
9310291,1993,0,18
9310294,1993,5,0
9310297,1993,0,13
9310300,1993,8,0
9310301,1993,0,7
9310311,1993,0,66
9310316,1993,0,69
9310320,1993,9,90
9310329,1993,1,9
9310337,1993,0,8
9310341,1993,0,5
9310346,1993,3,7
9310348,1993,3,2
9310350,1993,0,24
9310355,1993,1,14
9310356,1993,8,0
9310358,1993,1,38
9310361,1993,2,3
9310365,1993,5,64
9310369,1993,3,60
9310372,1993,1,2
9310374,1993,1,9
9310378,1993,3,19
9310379,1993,11,104
9311201,1993,2,0
9311205,1993,0,99
9311214,1993,1,19
9311215,1993,3,20
9311216,1993,0,5
9311217,1993,0,4
9311222,1993,3,65
9311228,1993,7,40
9311232,1993,5,19
9311234,1993,1,4
9311237,1993,1,39
9311246,1993,0,4
9311247,1993,0,37
9311255,1993,1,34
9311260,1993,1,22
9311269,1993,17,100
9311278,1993,4,8
9311281,1993,6,24
9311285,1993,1,25
9311288,1993,2,15
9311290,1993,1,15
9311294,1993,2,19
9311297,1993,4,11
9311299,1993,5,4
9311309,1993,0,6
9311312,1993,0,12
9311313,1993,1,4
9311316,1993,2,19
9311325,1993,4,47
9311334,1993,6,0
9311337,1993,4,18
9311339,1993,4,73
9311340,1993,9,102
9311344,1993,0,16
9311345,1993,3,126
9311346,1993,5,9
9311350,1993,2,13
9311360,1993,2,3
9311367,1993,2,27
9311376,1993,1,8
9312201,1993,2,11
9312202,1993,0,6
9312203,1993,0,2
9312208,1993,7,0
9312209,1993,2,7
9312210,1993,3,21
9312212,1993,0,20
9312213,1993,10,7
9312215,1993,3,55
9312218,1993,5,8
9312219,1993,2,3
9312227,1993,4,10
9312231,1993,2,0
9312237,1993,4,23
9312243,1993,1,7
9312248,1993,0,17
9312251,1993,4,11
9312252,1993,0,6
9312258,1993,4,13
9312263,1993,0,2
9312267,1993,0,3
9312268,1993,1,23
9312269,1993,3,4
9312272,1993,22,118
9312276,1993,3,14
9312279,1993,0,20
9312291,1993,1,35
9312293,1993,6,0
9312296,1993,14,70
9312298,1993,0,2
9312300,1993,3,3
9312302,1993,4,13
9312303,1993,3,1
9312304,1993,7,12
9312305,1993,1,0
9312311,1993,5,64
9312318,1993,1,27
9312319,1993,1,74
9312323,1993,0,13
9312324,1993,1,35
9312333,1993,3,12
9312341,1993,6,36
9312343,1993,1,10
9312350,1993,1,21
9312353,1993,3,2
9312354,1993,4,0
9312357,1993,2,6
9312359,1993,3,73
9312360,1993,3,4
9401206,1994,4,29
9401207,1994,6,0
9401208,1994,1,26
9401209,1994,10,11
9401219,1994,2,98
9401222,1994,2,0
9401232,1994,1,13
9401236,1994,0,18
9401241,1994,2,57
9401243,1994,1,3
9401246,1994,12,14
9401254,1994,3,53
9401255,1994,1,10
9401258,1994,0,86
9401264,1994,0,14
9401265,1994,5,18
9401267,1994,8,10
9401270,1994,0,18
9401271,1994,0,3
9401273,1994,2,3
9401276,1994,8,17
9401278,1994,2,12
9401281,1994,1,5
9401284,1994,1,1
9401285,1994,1,15
9401294,1994,1,13
9401301,1994,3,2
9401302,1994,0,5
9401303,1994,6,11
9401310,1994,1,99
9401312,1994,1,20
9401319,1994,6,10
9401325,1994,7,12
9401328,1994,3,87
9401338,1994,1,5
9401345,1994,2,5
9401347,1994,0,8
9401348,1994,0,6
9401349,1994,0,11
9401351,1994,2,7
9401352,1994,3,31
9401356,1994,1,12
9401357,1994,1,10
9402204,1994,0,14
9402205,1994,6,13
9402206,1994,3,9
9402209,1994,1,20
9402210,1994,1,59
9402214,1994,4,29
9402221,1994,1,18
9402227,1994,0,33
9402230,1994,1,0
9402236,1994,2,6
9402252,1994,11,2
9402253,1994,6,136
9402254,1994,0,24
9402259,1994,0,6
9402266,1994,14,20
9402270,1994,1,22
9402276,1994,2,16
9402277,1994,1,10
9402278,1994,4,25
9402280,1994,1,2
9402282,1994,3,5
9402283,1994,1,161
9402286,1994,0,19
9402287,1994,1,1
9402288,1994,4,26
9402289,1994,4,1
9402299,1994,19,9
9402308,1994,3,3
9402310,1994,6,23
9402324,1994,2,7
9402331,1994,1,2
9402335,1994,0,87
9402338,1994,2,1
9402341,1994,3,19
9402342,1994,2,23
9402347,1994,8,20
9402360,1994,8,132
9402363,1994,5,23
9402364,1994,5,126
9403204,1994,2,0
9403208,1994,2,40
9403209,1994,0,4
9403215,1994,2,18
9403218,1994,0,4
9403219,1994,10,53
9403223,1994,2,25
9403224,1994,2,93
9403225,1994,0,19
9403226,1994,5,32
9403227,1994,1,26
9403229,1994,1,14
9403233,1994,2,14
9403240,1994,2,31
9403249,1994,2,36
9403250,1994,4,26
9403253,1994,3,16
9403254,1994,0,37
9403256,1994,0,72
9403258,1994,0,4
9403264,1994,1,58
9403266,1994,3,46
9403274,1994,1,16
9403276,1994,1,45
9403281,1994,0,25
9403288,1994,1,19
9403290,1994,1,38
9403294,1994,0,4
9403295,1994,0,36
9403301,1994,4,8
9403307,1994,9,18
9403312,1994,1,14
9403314,1994,0,10
9403317,1994,0,1
9403323,1994,1,2
9403330,1994,3,10
9403338,1994,5,88
9403349,1994,5,15
9403350,1994,5,29
9403366,1994,0,24
9403368,1994,3,1
9403370,1994,4,22
9403371,1994,1,21
9403376,1994,15,26
9403383,1994,6,45
9403384,1994,4,52
9403386,1994,3,6
9403388,1994,2,8
9403390,1994,2,38
9403400,1994,0,29
9403401,1994,5,22
9403404,1994,2,2
9404201,1994,9,70
9404208,1994,3,1
9404209,1994,0,41
9404217,1994,13,11
9404224,1994,3,0
9404226,1994,4,7
9404230,1994,5,2
9404236,1994,0,8
9404241,1994,4,4
9404243,1994,3,5
9404247,1994,1,42
9404248,1994,1,31
9404253,1994,7,21
9404255,1994,2,3
9404257,1994,0,2
9404265,1994,2,1
9404270,1994,4,148
9404272,1994,1,9
9404274,1994,1,11
9404277,1994,2,24
9404281,1994,1,30
9404282,1994,1,55
9404283,1994,1,52
9404302,1994,5,66
9404313,1994,0,17
9404321,1994,2,14
9404327,1994,1,11
9404330,1994,4,13
9404332,1994,0,4
9404333,1994,4,18
9404335,1994,1,12
9404337,1994,0,2
9404342,1994,1,30
9404347,1994,0,2
9404359,1994,0,2
9405205,1994,2,3
9405207,1994,9,45
9405209,1994,3,12
9405214,1994,3,13
9405218,1994,3,45
9405225,1994,3,13
9405226,1994,4,1
9405228,1994,0,10
9405233,1994,4,52
9405234,1994,4,30
9405236,1994,0,16
9405237,1994,1,58
9405238,1994,0,8
9405240,1994,0,3
9405241,1994,5,28
9405245,1994,10,19
9405250,1994,1,24
9405252,1994,2,7
9405253,1994,4,33
9405257,1994,0,9
9405259,1994,2,26
9405269,1994,9,0
9405271,1994,8,22
9405272,1994,9,35
9405273,1994,1,22
9405277,1994,2,36
9405281,1994,0,1
9405290,1994,1,17
9405297,1994,9,8
9405304,1994,3,64
9405306,1994,1,0
9405308,1994,2,10
9405319,1994,12,0
9405320,1994,0,40
9405322,1994,2,31
9405324,1994,0,3
9405325,1994,1,12
9405326,1994,2,21
9405329,1994,2,2
9405340,1994,3,14
9405341,1994,2,26
9405344,1994,4,4
9405345,1994,2,18
9405346,1994,11,28
9405347,1994,1,9
9405351,1994,1,1
9405355,1994,3,37
9405357,1994,2,1
9405360,1994,8,5
9405365,1994,2,8
9405366,1994,9,7
9405371,1994,1,7
9405375,1994,1,4
9405378,1994,0,2
9405388,1994,0,74
9405392,1994,1,8
9405399,1994,7,21
9405401,1994,0,14
9405407,1994,4,29
9405418,1994,1,17
9405423,1994,1,12
9405424,1994,4,12
9405425,1994,3,17
9405428,1994,3,13
9405431,1994,13,29
9406202,1994,3,9
9406204,1994,0,17
9406205,1994,3,8
9406206,1994,3,5
9406210,1994,4,18
9406211,1994,4,2
9406212,1994,4,39
9406218,1994,1,2
9406220,1994,11,26
9406227,1994,8,38
9406229,1994,2,0
9406235,1994,6,18
9406236,1994,1,9
9406245,1994,3,45
9406248,1994,8,18
9406249,1994,7,12
9406251,1994,2,0
9406255,1994,4,17
9406262,1994,4,28
9406268,1994,4,13
9406270,1994,4,4
9406274,1994,0,21
9406280,1994,8,0
9406286,1994,11,17
9406287,1994,2,31
9406288,1994,6,30
9406289,1994,5,71
9406295,1994,9,31
9406300,1994,4,14
9406301,1994,5,1
9406302,1994,15,20
9406303,1994,4,12
9406315,1994,5,107
9406320,1994,7,23
9406321,1994,2,5
9406326,1994,1,0
9406332,1994,0,6
9406338,1994,10,6
9406339,1994,3,35
9406343,1994,1,3
9406345,1994,8,34
9406346,1994,9,20
9406350,1994,2,22
9406354,1994,3,22
9406355,1994,2,1
9406356,1994,0,1
9406359,1994,8,43
9406363,1994,3,82
9406368,1994,13,19
9406369,1994,15,10
9406373,1994,2,12
9406385,1994,1,31
9406387,1994,0,5
9406389,1994,11,43
9406390,1994,5,38
9406392,1994,1,27
9406399,1994,1,6
9406401,1994,3,1
9406402,1994,2,2
9406404,1994,3,12
9406406,1994,10,10
9406417,1994,3,24
9406420,1994,1,1
9406421,1994,3,17
9406423,1994,8,13
9406427,1994,19,30
9406429,1994,2,1
9406430,1994,7,22
9406431,1994,1,31
9406432,1994,1,12
9407202,1994,1,6
9407203,1994,3,7
9407204,1994,5,34
9407207,1994,2,1
9407211,1994,7,11
9407212,1994,1,0
9407214,1994,11,14
9407220,1994,1,2
9407224,1994,4,2
9407227,1994,3,8
9407250,1994,1,4
9407251,1994,12,25
9407257,1994,6,1
9407263,1994,4,1
9407268,1994,1,20
9407273,1994,20,30
9407281,1994,6,0
9407287,1994,11,71
9407291,1994,1,52
9407293,1994,0,14
9407303,1994,3,19
9407309,1994,7,4
9407316,1994,6,0
9407317,1994,4,24
9407336,1994,2,16
9407339,1994,8,223
9407342,1994,1,12
9407347,1994,3,34
9407349,1994,2,3
9407350,1994,0,10
9407353,1994,3,7
9407359,1994,3,6
9407372,1994,1,31
9407388,1994,9,11
9407389,1994,4,85
9407393,1994,1,1
9407394,1994,12,33
9407398,1994,1,6
9407399,1994,3,23
9407401,1994,0,29
9407402,1994,4,9
9407404,1994,4,33
9407408,1994,3,23
9408212,1994,2,5
9408215,1994,1,18
9408216,1994,0,4
9408218,1994,3,13
9408223,1994,4,2
9408224,1994,3,69
9408228,1994,2,86
9408229,1994,0,43
9408231,1994,2,4
9408233,1994,2,24
9408240,1994,4,0
9408245,1994,0,52
9408250,1994,3,16
9408253,1994,13,46
9408257,1994,0,11
9408262,1994,5,3
9408278,1994,1,1
9408284,1994,2,9
9408287,1994,3,13
9408290,1994,7,46
9408291,1994,4,7
9408294,1994,5,5
9408298,1994,1,9
9408305,1994,0,9
9408306,1994,15,57
9408308,1994,3,6
9408310,1994,3,7
9408315,1994,8,25
9408323,1994,1,0
9408326,1994,1,20
9408332,1994,6,20
9408333,1994,2,13
9408338,1994,1,0
9408339,1994,5,35
9408345,1994,13,7
9408346,1994,8,37
9408352,1994,2,14
9408353,1994,0,8
9408354,1994,0,12
9408363,1994,1,9
9408364,1994,5,14
9408366,1994,0,9
9408367,1994,2,1
9408368,1994,1,2
9408370,1994,3,26
9408373,1994,2,20
9408376,1994,6,46
9408380,1994,4,20
9408382,1994,0,23
9408384,1994,3,190
9408396,1994,0,6
9408404,1994,5,57
9408406,1994,2,70
9408407,1994,4,13
9409207,1994,2,4
9409208,1994,0,10
9409211,1994,0,8
9409212,1994,5,36
9409215,1994,9,51
9409218,1994,1,0
9409221,1994,6,1
9409230,1994,11,0
9409238,1994,1,5
9409244,1994,7,36
9409247,1994,13,0
9409252,1994,1,0
9409254,1994,1,62
9409255,1994,3,14
9409256,1994,1,1
9409261,1994,3,0
9409262,1994,4,1
9409281,1994,2,19
9409287,1994,4,35
9409298,1994,4,1
9409303,1994,0,13
9409309,1994,8,30
9409310,1994,1,15
9409312,1994,3,1
9409314,1994,3,11
9409315,1994,6,22
9409335,1994,5,58
9409340,1994,2,3
9409342,1994,28,2
9409362,1994,1,20
9409369,1994,7,24
9409371,1994,1,35
9409380,1994,7,29
9409387,1994,19,0
9409388,1994,0,29
9409391,1994,1,18
9409393,1994,11,38
9409402,1994,0,3
9409410,1994,3,13
9409416,1994,8,9
9409421,1994,2,17
9409423,1994,1,2
9409428,1994,2,11
9409430,1994,2,5
9409437,1994,10,34
9409438,1994,10,8
9409440,1994,11,74
9409441,1994,3,0
9409443,1994,3,23
9409446,1994,3,15
9409453,1994,4,21
9409454,1994,1,30
9409455,1994,4,11
9409458,1994,1,42
9409460,1994,2,4
9410201,1994,3,1
9410213,1994,13,8
9410222,1994,8,5
9410225,1994,16,13
9410231,1994,14,40
9410232,1994,9,12
9410240,1994,8,31
9410253,1994,4,21
9410258,1994,2,8
9410267,1994,1,25
9410270,1994,1,2
9410280,1994,12,69
9410281,1994,21,51
9410282,1994,3,50
9410283,1994,7,36
9410284,1994,18,5
9410287,1994,2,0
9410294,1994,4,2
9410304,1994,1,29
9410307,1994,1,14
9410308,1994,15,1
9410310,1994,4,48
9410311,1994,3,54
9410322,1994,1,8
9410324,1994,7,3
9410330,1994,23,11
9410333,1994,7,23
9410335,1994,3,2
9410337,1994,3,14
9410338,1994,4,25
9410345,1994,5,38
9410349,1994,3,5
9410357,1994,4,18
9410360,1994,0,20
9410365,1994,0,6
9410372,1994,2,14
9410384,1994,1,5
9410387,1994,4,36
9410392,1994,1,6
9410398,1994,4,6
9410404,1994,3,159
9410406,1994,1,40
9411210,1994,4,6
9411211,1994,6,74
9411214,1994,0,8
9411221,1994,2,1
9411229,1994,6,79
9411233,1994,7,38
9411234,1994,10,65
9411235,1994,1,2
9411238,1994,0,1
9411241,1994,5,11
9411246,1994,1,4
9411260,1994,7,54
9411266,1994,2,2
9411267,1994,7,23
9411269,1994,0,4
9411273,1994,1,29
9411276,1994,12,14
9411278,1994,1,3
9411285,1994,1,58
9411298,1994,4,13
9411301,1994,0,20
9411303,1994,6,29
9411304,1994,3,3
9411308,1994,1,28
9411318,1994,0,3
9411329,1994,2,0
9411330,1994,8,12
9411331,1994,1,5
9411332,1994,1,7
9411334,1994,7,30
9411337,1994,5,7
9411347,1994,1,1
9411351,1994,0,1
9411363,1994,6,2
9411365,1994,7,57
9411367,1994,2,16
9411368,1994,2,17
9411370,1994,3,1
9411377,1994,0,46
9411384,1994,0,20
9411392,1994,15,16
9411393,1994,11,0
9411395,1994,1,17
9411397,1994,7,11
9411400,1994,3,1
9411413,1994,2,7
9411431,1994,3,20
9411434,1994,3,4
9412201,1994,2,32
9412203,1994,4,7
9412208,1994,5,54
9412214,1994,8,8
9412219,1994,2,16
9412221,1994,5,1
9412225,1994,12,18
9412230,1994,0,2
9412235,1994,4,25
9412236,1994,1,7
9412237,1994,6,3
9412238,1994,0,4
9412242,1994,6,5
9412249,1994,4,11
9412255,1994,5,16
9412259,1994,7,20
9412265,1994,15,49
9412266,1994,5,14
9412272,1994,1,19
9412275,1994,2,4
9412276,1994,2,18
9412278,1994,8,9
9412281,1994,4,8
9412283,1994,3,26
9412285,1994,0,8
9412286,1994,1,10
9412301,1994,1,10
9412302,1994,20,16
9412305,1994,3,7
9412309,1994,3,11
9412310,1994,2,13
9412315,1994,0,4
9412322,1994,3,34
9412324,1994,3,23
9412326,1994,5,3
9412334,1994,3,13
9412340,1994,0,16
9412345,1994,4,13
9412354,1994,1,7
9412355,1994,3,11
9412363,1994,2,2
9412364,1994,2,0
9412366,1994,0,9
9412367,1994,3,34
9412368,1994,0,2
9412373,1994,12,8
9412375,1994,3,17
9412378,1994,0,2
9412379,1994,7,31
9412380,1994,2,10
9412381,1994,7,12
9412385,1994,4,59
9412386,1994,12,0
9501201,1995,6,24
9501209,1995,3,1
9501212,1995,2,14
9501213,1995,11,42
9501214,1995,1,10
9501216,1995,2,6
9501221,1995,5,7
9501222,1995,7,38
9501230,1995,0,35
9501231,1995,2,35
9501240,1995,2,20
9501244,1995,0,10
9501251,1995,2,26
9501259,1995,1,4
9501265,1995,7,44
9501266,1995,0,5
9501276,1995,0,8
9501277,1995,4,76
9501282,1995,4,10
9501284,1995,2,1
9501287,1995,4,26
9501296,1995,8,10
9501297,1995,0,15
9501307,1995,2,37
9501313,1995,1,8
9501314,1995,1,13
9501317,1995,8,14
9501318,1995,3,19
9501319,1995,1,4
9501323,1995,0,8
9501324,1995,3,20
9501333,1995,3,11
9501334,1995,2,73
9501336,1995,1,14
9501338,1995,1,7
9501339,1995,4,17
9501352,1995,5,0
9501356,1995,14,8
9501357,1995,23,55
9501358,1995,1,18
9501366,1995,3,1
9501367,1995,2,1
9501369,1995,8,92
9501376,1995,2,27
9501377,1995,0,1
9501378,1995,8,2
9501379,1995,3,11
9501384,1995,10,84
9501394,1995,0,18
9501395,1995,12,13
9501404,1995,6,7
9501405,1995,2,12
9501414,1995,5,4
9501417,1995,4,22
9501418,1995,13,0
9502224,1995,3,69
9502225,1995,5,12
9502227,1995,21,43
9502229,1995,0,2
9502230,1995,3,4
9502237,1995,4,60
9502238,1995,0,5
9502245,1995,1,4
9502251,1995,6,21
9502252,1995,27,22
9502254,1995,11,19
9502258,1995,6,1
9502259,1995,8,5
9502260,1995,3,26
9502261,1995,6,41
9502262,1995,0,20
9502270,1995,1,15
9502271,1995,5,13
9502272,1995,1,1
9502273,1995,9,12
9502278,1995,0,8
9502279,1995,1,5
9502285,1995,7,12
9502291,1995,7,63
9502297,1995,1,8
9502298,1995,2,137
9502300,1995,12,97
9502304,1995,5,4
9502305,1995,2,8
9502307,1995,8,6
9502313,1995,6,9
9502315,1995,1,17
9502317,1995,9,38
9502318,1995,9,8
9502321,1995,10,21
9502323,1995,8,28
9502324,1995,4,6
9502327,1995,15,3
9502329,1995,8,15
9502334,1995,3,32
9502335,1995,13,64
9502336,1995,2,134
9502338,1995,13,48
9502340,1995,6,41
9502345,1995,5,1
9502348,1995,4,45
9502349,1995,0,14
9502359,1995,6,12
9502363,1995,11,38
9502366,1995,15,60
9502373,1995,3,2
9502378,1995,9,26
9502381,1995,0,5
9502385,1995,6,47
9502390,1995,0,4
9502391,1995,5,14
9502397,1995,10,12
9502398,1995,4,1
9502399,1995,12,15
9502414,1995,10,6
9502416,1995,1,7
9502418,1995,16,33
9503203,1995,2,23
9503204,1995,7,29
9503208,1995,15,18
9503209,1995,4,40
9503214,1995,9,55
9503226,1995,5,11
9503227,1995,2,3
9503228,1995,4,11
9503234,1995,16,14
9503236,1995,14,15
9503238,1995,2,10
9503241,1995,7,14
9503262,1995,29,2
9503263,1995,2,40
9503264,1995,4,55
9503265,1995,3,1
9503266,1995,3,9
9503271,1995,12,32
9503279,1995,0,5
9503280,1995,0,34
9503288,1995,2,2
9503289,1995,7,2
9503290,1995,2,30
9503307,1995,12,16
9503318,1995,0,4
9503325,1995,7,0
9503330,1995,14,12
9503332,1995,5,16
9503334,1995,1,8
9503341,1995,6,2
9503342,1995,4,1
9503344,1995,0,28
9503346,1995,5,6
9503350,1995,5,6
9503351,1995,4,33
9503358,1995,22,28
9503366,1995,9,11
9503383,1995,3,15
9503386,1995,2,13
9503390,1995,2,11
9503394,1995,3,24
9503398,1995,3,9
9503401,1995,3,7
9503404,1995,14,17
9503410,1995,5,0
9503411,1995,3,35
9503414,1995,30,17
9503418,1995,8,15
9503422,1995,5,2
9503427,1995,5,1
9503433,1995,4,40
9503434,1995,13,9
9503437,1995,8,15
9503463,1995,1,27
9503464,1995,5,38
9503465,1995,5,6
9503466,1995,0,1
9503467,1995,4,8
9503471,1995,2,2
9503474,1995,0,3
9503476,1995,2,7
9503477,1995,2,11
9503478,1995,1,5
9503479,1995,35,16
9503484,1995,6,28
9503486,1995,11,50
9503489,1995,3,13
9503492,1995,13,64
9504206,1995,3,0
9504210,1995,8,13
9504213,1995,2,1
9504217,1995,16,7
9504219,1995,6,62
9504220,1995,3,17
9504221,1995,2,3
9504230,1995,3,36
9504231,1995,5,12
9504237,1995,9,11
9504238,1995,6,14
9504239,1995,17,21
9504245,1995,0,20
9504248,1995,5,47
9504250,1995,9,15
9504252,1995,3,4
9504260,1995,3,6
9504265,1995,19,16
9504269,1995,33,2
9504273,1995,1,29
9504277,1995,4,38
9504278,1995,2,5
9504292,1995,11,40
9504295,1995,2,6
9504302,1995,5,11
9504306,1995,5,14
9504312,1995,5,22
9504313,1995,9,14
9504314,1995,5,54
9504316,1995,3,126
9504319,1995,7,33
9504324,1995,54,45
9504325,1995,7,2
9504326,1995,7,27
9504328,1995,13,0
9504330,1995,3,17
9504333,1995,3,37
9504334,1995,3,29
9504340,1995,2,2
9504363,1995,2,4
9504364,1995,8,22
9504372,1995,3,87
9504373,1995,7,28
9504374,1995,0,41
9504378,1995,16,62
9504396,1995,0,3
9504398,1995,2,8
9504399,1995,13,5
9504403,1995,2,3
9504404,1995,7,14
9504406,1995,7,4
9504410,1995,3,5
9504412,1995,1,0
9504413,1995,3,45
9504415,1995,4,36
9504426,1995,4,22
9504427,1995,10,31
9504431,1995,13,10
9505203,1995,1,11
9505204,1995,3,1
9505207,1995,10,59
9505215,1995,1,1
9505219,1995,0,28
9505221,1995,5,2
9505222,1995,5,9
9505224,1995,8,32
9505225,1995,11,16
9505226,1995,0,10
9505229,1995,1,1
9505232,1995,5,5
9505241,1995,17,6
9505242,1995,19,12
9505245,1995,14,20
9505248,1995,6,107
9505251,1995,9,26
9505254,1995,6,3
9505262,1995,0,24
9505267,1995,6,16
9505269,1995,16,1
9505275,1995,2,17
9505288,1995,10,8
9505289,1995,19,22
9505298,1995,7,18
9505302,1995,9,9
9505304,1995,3,32
9505308,1995,0,31
9505309,1995,1,4
9505317,1995,9,19
9505320,1995,3,27
9505321,1995,4,10
9505326,1995,27,28
9505328,1995,3,7
9505329,1995,7,45
9505335,1995,5,9
9505339,1995,4,5
9505350,1995,11,46
9505352,1995,10,28
9505365,1995,17,1
9505366,1995,25,1
9505369,1995,4,19
9505377,1995,3,3
9505379,1995,10,17
9505382,1995,9,0
9505385,1995,2,11
9505391,1995,8,33
9505392,1995,16,4
9505397,1995,27,32
9505402,1995,13,15
9505404,1995,3,18
9505409,1995,4,17
9505410,1995,3,10
9505415,1995,8,0
9505416,1995,2,14
9505422,1995,0,56
9505423,1995,2,1
9505426,1995,11,8
9505427,1995,4,9
9505428,1995,15,40
9505433,1995,2,54
9505434,1995,0,7
9505435,1995,11,2
9505440,1995,10,2
9505441,1995,1,3
9506204,1995,0,11
9506205,1995,4,2
9506206,1995,13,0
9506207,1995,13,21
9506210,1995,6,5
9506217,1995,17,32
9506227,1995,2,1
9506233,1995,7,23
9506242,1995,11,42
9506243,1995,3,21
9506245,1995,1,1
9506248,1995,9,39
9506249,1995,10,0
9506251,1995,4,19
9506254,1995,1,6
9506256,1995,3,38
9506257,1995,0,4
9506258,1995,0,1
9506261,1995,1,9
9506264,1995,10,21
9506265,1995,2,6
9506266,1995,1,0
9506269,1995,4,13
9506273,1995,15,39
9506275,1995,6,2
9506278,1995,15,13
9506280,1995,4,38
9506281,1995,8,8
9506282,1995,6,5
9506284,1995,15,30
9506285,1995,9,10
9506298,1995,7,10
9506300,1995,8,0
9506305,1995,3,14
9506307,1995,13,3
9506314,1995,1,15
9506315,1995,1,1
9506317,1995,4,41
9506318,1995,1,3
9506320,1995,0,1
9506328,1995,5,52
9506329,1995,6,9
9506332,1995,10,14
9506333,1995,1,12
9506336,1995,12,0
9506338,1995,0,8
9506341,1995,0,1
9506342,1995,8,0
9506353,1995,10,2
9506354,1995,0,59
9506355,1995,7,3
9506356,1995,1,19
9506358,1995,4,2
9506359,1995,10,19
9506364,1995,18,10
9506369,1995,0,4
9506370,1995,0,4
9506372,1995,4,0
9506374,1995,10,68
9506375,1995,1,27
9506380,1995,25,61
9506386,1995,0,8
9506392,1995,1,11
9506398,1995,9,32
9506405,1995,22,9
9506409,1995,1,9
9506412,1995,0,3
9506413,1995,2,1
9506416,1995,11,81
9506417,1995,1,17
9506418,1995,18,0
9506422,1995,0,6
9506425,1995,4,26
9506427,1995,8,19
9506445,1995,2,13
9506446,1995,3,1
9506451,1995,2,114
9506452,1995,14,56
9506454,1995,1,21
9506463,1995,10,0
9506466,1995,1,0
9506473,1995,3,16
9506475,1995,8,29
9506477,1995,26,86
9506479,1995,0,2
9507201,1995,8,0
9507204,1995,0,3
9507213,1995,9,22
9507216,1995,2,36
9507231,1995,1,5
9507236,1995,11,7
9507238,1995,7,10
9507242,1995,11,12
9507246,1995,3,15
9507253,1995,7,40
9507256,1995,2,4
9507262,1995,5,61
9507263,1995,9,11
9507264,1995,0,1
9507267,1995,4,11
9507268,1995,3,5
9507269,1995,2,6
9507271,1995,3,49
9507282,1995,9,100
9507286,1995,9,0
9507291,1995,27,1
9507294,1995,5,56
9507295,1995,7,0
9507301,1995,6,0
9507302,1995,13,0
9507307,1995,4,23
9507311,1995,4,15
9507319,1995,12,50
9507321,1995,5,11
9507322,1995,4,3
9507323,1995,14,8
9507328,1995,3,0
9507332,1995,5,11
9507343,1995,1,15
9507354,1995,9,31
9507356,1995,3,0
9507363,1995,4,49
9507367,1995,12,4
9507368,1995,15,9
9507371,1995,5,14
9507377,1995,6,6
9507378,1995,13,187
9507379,1995,7,19
9507380,1995,2,18
9507382,1995,7,10
9507386,1995,17,44
9507388,1995,0,7
9507394,1995,3,5
9507395,1995,3,9
9507396,1995,3,9
9507397,1995,0,4
9507400,1995,2,0
9507401,1995,3,7
9507403,1995,2,21
9507416,1995,8,15
9507420,1995,1,6
9507425,1995,1,8
9507430,1995,0,3
9507434,1995,6,13
9507437,1995,7,23
9507442,1995,2,8
9507445,1995,5,20
9507449,1995,1,15
9507451,1995,6,3
9507452,1995,6,5
9507461,1995,19,14
9507462,1995,18,67
9508202,1995,2,51
9508204,1995,2,23
9508205,1995,5,6
9508206,1995,4,8
9508219,1995,9,0
9508221,1995,15,5
9508225,1995,5,20
9508233,1995,0,7
9508237,1995,9,7
9508239,1995,5,13
9508241,1995,13,11
9508242,1995,4,2
9508246,1995,4,17
9508247,1995,5,12
9508253,1995,26,10
9508259,1995,3,10
9508265,1995,14,8
9508268,1995,8,15
9508271,1995,10,48
9508274,1995,1,11
9508277,1995,7,11
9508278,1995,10,5
9508279,1995,3,2
9508288,1995,13,17
9508293,1995,16,6
9508297,1995,4,15
9508302,1995,5,42
9508309,1995,2,2
9508310,1995,4,0
9508314,1995,6,12
9508321,1995,12,39
9508328,1995,4,0
9508330,1995,3,2
9508339,1995,25,3
9508340,1995,8,3
9508342,1995,11,3
9508343,1995,4,146
9508347,1995,9,187
9508354,1995,7,13
9508358,1995,22,1
9508359,1995,1,45
9508362,1995,1,9
9508379,1995,16,63
9508386,1995,5,28
9508387,1995,4,5
9508391,1995,2,15
9508397,1995,4,10
9508398,1995,3,13
9508403,1995,3,41
9508407,1995,3,6
9508412,1995,3,6
9509204,1995,13,45
9509206,1995,2,3
9509207,1995,1,14
9509216,1995,0,7
9509222,1995,6,6
9509225,1995,1,8
9509230,1995,5,5
9509233,1995,13,4
9509236,1995,7,21
9509237,1995,3,18
9509239,1995,5,46
9509245,1995,3,2
9509247,1995,8,1
9509248,1995,1,32
9509251,1995,3,5
9509252,1995,8,0
9509256,1995,2,14
9509258,1995,6,19
9509259,1995,2,7
9509268,1995,4,25
9509269,1995,4,15
9509272,1995,6,7
9509273,1995,12,0
9509274,1995,5,16
9509277,1995,2,1
9509279,1995,0,25
9509281,1995,2,1
9509282,1995,5,4
9509283,1995,9,8
9509284,1995,0,4
9509286,1995,6,17
9509287,1995,4,12
9509292,1995,1,3
9509294,1995,10,18
9509299,1995,5,11
9509303,1995,2,4
9509308,1995,8,13
9509310,1995,6,1
9509311,1995,10,67
9509312,1995,14,31
9509316,1995,2,15
9509320,1995,0,6
9509324,1995,1,8
9509325,1995,4,22
9509329,1995,56,17
9509333,1995,1,5
9509337,1995,9,18
9509346,1995,8,8
9509348,1995,5,59
9509349,1995,0,2
9509351,1995,15,23
9509352,1995,9,13
9509358,1995,13,26
9509359,1995,4,3
9509361,1995,8,5
9509369,1995,0,5
9509371,1995,11,8
9509375,1995,12,19
9509378,1995,1,12
9509389,1995,2,19
9509393,1995,5,20
9509395,1995,10,0
9509398,1995,31,12
9509406,1995,0,51
9509413,1995,0,10
9509420,1995,1,5
9509424,1995,1,18
9509427,1995,6,6
9509428,1995,10,17
9509432,1995,13,15
9509433,1995,26,17
9510202,1995,6,12
9510207,1995,3,10
9510209,1995,3,4
9510219,1995,6,15
9510223,1995,2,0
9510232,1995,7,38
9510235,1995,4,15
9510239,1995,5,0
9510240,1995,5,0
9510243,1995,4,3
9510254,1995,3,7
9510262,1995,3,24
9510268,1995,20,6
9510269,1995,15,5
9510270,1995,10,3
9510271,1995,24,19
9510279,1995,7,0
9510280,1995,3,5
9510283,1995,8,2
9510284,1995,3,19
9510286,1995,19,39
9510287,1995,37,12
9510291,1995,9,2
9510294,1995,6,12
9510301,1995,8,49
9510303,1995,3,12
9510304,1995,2,27
9510308,1995,6,11
9510309,1995,8,37
9510318,1995,4,3
9510321,1995,6,0
9510326,1995,4,5
9510327,1995,11,19
9510342,1995,2,8
9510355,1995,8,0
9510356,1995,9,1
9510357,1995,5,7
9510366,1995,4,7
9510372,1995,14,31
9510377,1995,32,17
9510378,1995,34,35
9510381,1995,3,2
9510383,1995,2,3
9510386,1995,5,8
9510394,1995,9,2
9510399,1995,0,7
9510402,1995,31,10
9510403,1995,12,39
9510405,1995,2,0
9510407,1995,4,3
9510408,1995,4,27
9510410,1995,4,33
9510414,1995,2,1
9510418,1995,6,5
9510419,1995,2,1
9510421,1995,6,11
9510425,1995,8,8
9510429,1995,7,1
9510431,1995,0,12
9510437,1995,4,8
9510439,1995,4,82
9510443,1995,9,8
9510448,1995,6,4
9510449,1995,15,76
9510450,1995,12,0
9510453,1995,12,8
9510455,1995,12,7
9510460,1995,6,5
9510461,1995,0,4
9511205,1995,0,32
9511207,1995,17,7
9511210,1995,1,127
9511211,1995,3,0
9511215,1995,2,0
9511217,1995,4,23
9511218,1995,4,7
9511219,1995,2,2
9511227,1995,2,4
9511228,1995,3,46
9511232,1995,6,2
9511246,1995,2,1
9511250,1995,2,13
9511252,1995,2,15
9511255,1995,9,22
9511256,1995,6,13
9511272,1995,0,17
9511277,1995,1,2
9511288,1995,10,125
9511289,1995,8,20
9511292,1995,20,22
9511296,1995,10,0
9511309,1995,7,4
9511311,1995,2,9
9511315,1995,8,46
9511317,1995,12,13
9511324,1995,10,30
9511325,1995,4,5
9511330,1995,17,9
9511335,1995,5,59
9511336,1995,15,12
9511337,1995,1,12
9511342,1995,10,17
9511345,1995,27,10
9511349,1995,11,7
9511350,1995,5,7
9511363,1995,3,30
9511365,1995,9,0
9511367,1995,4,2
9511369,1995,3,2
9511371,1995,2,2
9511374,1995,14,4
9511375,1995,8,3
9511376,1995,3,14
9511378,1995,9,23
9511386,1995,3,29
9511388,1995,16,46
9511389,1995,3,2
9511391,1995,3,14
9511392,1995,8,18
9511397,1995,5,52
9511399,1995,4,9
9511405,1995,1,9
9511409,1995,67,10
9511410,1995,8,1
9511419,1995,7,5
9511420,1995,6,12
9511421,1995,16,4
9511422,1995,2,10
9511430,1995,4,25
9511434,1995,6,18
9511441,1995,0,2
9511444,1995,19,15
9511446,1995,7,19
9511448,1995,1,21
9511449,1995,7,9
9511450,1995,1,0
9511455,1995,6,11
9511465,1995,6,12
9511473,1995,13,22
9512209,1995,9,0
9512218,1995,2,83
9512219,1995,5,2
9512227,1995,14,8
9512228,1995,9,2
9512229,1995,32,5
9512232,1995,24,4
9512237,1995,4,11
9512239,1995,5,9
9512240,1995,5,0
9512242,1995,11,3
9512243,1995,0,5
9512249,1995,6,0
9512250,1995,10,5
9512251,1995,2,5
9512252,1995,8,51
9512258,1995,11,1
9512264,1995,7,23
9512267,1995,12,4
9512268,1995,2,5
9512271,1995,1,3
9512275,1995,11,3
9512278,1995,8,5
9512284,1995,2,2
9512285,1995,0,1
9512288,1995,12,33
9512292,1995,3,12
9512294,1995,20,2
9512308,1995,7,3
9512309,1995,4,9
9512319,1995,5,17
9512327,1995,1,20
9512328,1995,7,55
9512329,1995,5,32
9512332,1995,6,2
9512335,1995,32,2
9512336,1995,15,94
9512338,1995,0,9
9512340,1995,12,9
9512348,1995,7,34
9512351,1995,7,0
9512354,1995,8,3
9512356,1995,12,30
9512363,1995,5,9
9512367,1995,15,24
9512369,1995,8,43
9512370,1995,3,10
9512377,1995,1,1
9512380,1995,61,253
9512384,1995,9,8
9512385,1995,0,12
9512388,1995,11,37
9512393,1995,10,11
9512395,1995,22,6
9512396,1995,5,47
9512399,1995,19,9
9512404,1995,11,28
9512406,1995,11,155
9512408,1995,5,0
9512410,1995,3,5
9512411,1995,3,1
9512417,1995,0,3
9512419,1995,16,5
9512425,1995,25,5
9512427,1995,7,15
9512430,1995,1,3
9512433,1995,8,13
9512435,1995,14,5
9512440,1995,19,0
9601206,1996,1,12
9601208,1996,90,4
9601210,1996,1,1
9601217,1996,3,1
9601222,1996,26,2
9601223,1996,3,0
9601233,1996,7,7
9601234,1996,3,28
9601235,1996,2,8
9601236,1996,1,7
9601243,1996,16,48
9601244,1996,3,2
9601248,1996,6,9
9601249,1996,11,31
9601257,1996,14,3
9601262,1996,13,6
9601267,1996,3,5
9601269,1996,2,10
9601278,1996,6,4
9601280,1996,35,27
9601282,1996,1,17
9601287,1996,2,9
9601289,1996,2,7
9601293,1996,27,30
9601294,1996,6,13
9601302,1996,6,19
9601306,1996,1,28
9601307,1996,8,10
9601309,1996,14,21
9601310,1996,7,23
9601316,1996,2,0
9601317,1996,11,8
9601319,1996,4,6
9601321,1996,6,7
9601324,1996,1,31
9601326,1996,6,6
9601327,1996,18,2
9601332,1996,15,4
9601337,1996,3,12
9601338,1996,4,5
9601344,1996,2,5
9601349,1996,7,8
9601353,1996,3,20
9601356,1996,8,31
9601359,1996,10,15
9601363,1996,2,10
9601365,1996,15,12
9601367,1996,8,81
9601368,1996,19,2
9601369,1996,8,10
9601370,1996,5,4
9601373,1996,6,4
9601375,1996,4,3
9601387,1996,9,61
9601388,1996,6,18
9602201,1996,15,7
9602206,1996,43,20
9602207,1996,23,19
9602208,1996,10,55
9602213,1996,2,12
9602214,1996,3,7
9602233,1996,0,9
9602235,1996,4,14
9602236,1996,11,39
9602239,1996,5,69
9602240,1996,8,3
9602242,1996,3,13
9602246,1996,6,13
9602247,1996,1,1
9602251,1996,2,6
9602253,1996,3,3
9602259,1996,1,18
9602265,1996,0,19
9602273,1996,5,4
9602274,1996,2,12
9602275,1996,5,5
9602277,1996,2,55
9602279,1996,5,4
9602280,1996,20,30
9602281,1996,10,68
9602284,1996,6,7
9602285,1996,5,5
9602287,1996,0,28
9602289,1996,20,0
9602290,1996,3,0
9602296,1996,0,2
9602299,1996,6,32
9602301,1996,1,6
9602302,1996,3,7
9602305,1996,14,10
9602306,1996,0,14
9602309,1996,13,8
9602312,1996,15,1
9602320,1996,5,11
9602322,1996,4,12
9602323,1996,3,42
9602325,1996,26,8
9602330,1996,1,5
9602334,1996,3,11
9602336,1996,0,3
9602345,1996,11,3
9602347,1996,12,12
9602349,1996,16,5
9602351,1996,15,22
9602352,1996,3,10
9602355,1996,13,4
9602356,1996,1,15
9602359,1996,5,7
9602360,1996,2,2
9602361,1996,15,0
9602363,1996,8,31
9602364,1996,25,16
9602366,1996,12,51
9602368,1996,3,0
9602369,1996,4,1
9602372,1996,1,11
9602374,1996,30,32
9602375,1996,5,32
9602377,1996,7,10
9602378,1996,3,10
9602380,1996,21,5
9602381,1996,15,64
9602385,1996,0,27
9602388,1996,4,0
9602389,1996,8,16
9602393,1996,2,2
9602395,1996,11,2
9602396,1996,12,12
9602403,1996,7,0
9602408,1996,0,1
9602409,1996,4,5
9602411,1996,9,5
9602412,1996,3,3
9602414,1996,5,44
9602415,1996,18,20
9602417,1996,0,24
9602419,1996,0,26
9602420,1996,2,0
9602421,1996,7,13
9602422,1996,11,4
9602434,1996,5,0
9602438,1996,17,26
9603201,1996,1,4
9603202,1996,21,56
9603204,1996,3,43
9603208,1996,76,132
9603209,1996,4,9
9603212,1996,10,24
9603214,1996,2,19
9603215,1996,2,0
9603219,1996,4,18
9603222,1996,0,2
9603226,1996,1,2
9603227,1996,4,12
9603230,1996,5,1
9603233,1996,12,16
9603235,1996,6,1
9603237,1996,3,42
9603238,1996,6,63
9603239,1996,10,4
9603247,1996,6,21
9603249,1996,3,163
9603251,1996,16,6
9603264,1996,14,3
9603267,1996,4,5
9603272,1996,4,4
9603276,1996,1,14
9603277,1996,1,1
9603278,1996,1,5
9603279,1996,0,9
9603282,1996,27,0
9603285,1996,6,33
9603288,1996,3,0
9603289,1996,9,25
9603293,1996,1,3
9603302,1996,7,14
9603305,1996,3,3
9603307,1996,14,17
9603308,1996,2,3
9603309,1996,1,0
9603310,1996,25,60
9603315,1996,13,1
9603326,1996,9,56
9603328,1996,7,19
9603329,1996,6,2
9603332,1996,6,0
9603333,1996,4,9
9603336,1996,23,10
9603350,1996,33,22
9603351,1996,4,5
9603359,1996,3,7
9603363,1996,9,51
9603366,1996,6,61
9603368,1996,5,13
9603374,1996,6,79
9603375,1996,5,0
9603377,1996,2,13
9603379,1996,3,8
9603380,1996,4,9
9603383,1996,2,2
9603384,1996,9,18
9603386,1996,2,6
9603388,1996,15,22
9603389,1996,4,11
9603397,1996,8,21
9603404,1996,10,97
9603408,1996,2,32
9603412,1996,11,27
9603414,1996,10,19
9603420,1996,38,114
9603421,1996,4,0
9603422,1996,22,12
9603423,1996,6,23
9603428,1996,3,12
9603435,1996,2,3
9603441,1996,21,5
9603442,1996,3,9
9603444,1996,0,3
9603447,1996,5,3
9603449,1996,18,19
9603450,1996,7,24
9604204,1996,7,3
9604208,1996,9,2
9604210,1996,24,4
9604215,1996,9,3
9604218,1996,0,2
9604220,1996,5,17
9604221,1996,1,3
9604222,1996,2,2
9604223,1996,13,59
9604228,1996,2,6
9604232,1996,4,28
9604233,1996,10,23
9604234,1996,7,8
9604235,1996,4,0
9604236,1996,6,2
9604250,1996,0,16
9604259,1996,8,5
9604260,1996,13,8
9604264,1996,10,12
9604267,1996,4,8
9604270,1996,10,8
9604273,1996,3,2
9604275,1996,1,2
9604280,1996,0,7
9604283,1996,1,33
9604289,1996,3,7
9604294,1996,2,8
9604295,1996,3,15
9604296,1996,4,12
9604298,1996,31,10
9604301,1996,6,12
9604302,1996,8,10
9604309,1996,3,8
9604310,1996,1,5
9604317,1996,1,90
9604320,1996,25,97
9604325,1996,5,0
9604330,1996,11,41
9604331,1996,7,10
9604334,1996,18,4
9604337,1996,11,7
9604339,1996,29,12
9604343,1996,14,18
9604349,1996,4,14
9604351,1996,14,59
9604352,1996,2,12
9604355,1996,1,5
9604360,1996,2,9
9604362,1996,6,0
9604363,1996,4,12
9604375,1996,13,6
9604376,1996,9,8
9604378,1996,3,3
9604380,1996,0,2
9604387,1996,24,171
9604388,1996,7,50
9604391,1996,15,3
9604393,1996,11,65
9604404,1996,6,12
9604406,1996,13,12
9604412,1996,68,40
9604416,1996,5,27
9604417,1996,10,13
9604419,1996,10,20
9604423,1996,10,24
9604426,1996,8,1
9604428,1996,5,0
9604429,1996,1,5
9604430,1996,1,10
9604432,1996,4,8
9604437,1996,4,11
9604438,1996,19,24
9604440,1996,10,64
9604441,1996,26,46
9604442,1996,8,13
9604445,1996,9,15
9604446,1996,4,2
9604448,1996,2,2
9604452,1996,6,50
9605203,1996,5,1
9605209,1996,7,11
9605213,1996,1,3
9605214,1996,3,10
9605219,1996,4,15
9605221,1996,5,18
9605222,1996,4,15
9605223,1996,2,12
9605224,1996,11,15
9605229,1996,17,21
9605231,1996,11,24
9605233,1996,10,7
9605235,1996,13,77
9605239,1996,1,7
9605243,1996,1,1
9605245,1996,1,6
9605252,1996,1,3
9605259,1996,7,24
9605262,1996,1,2
9605264,1996,6,53
9605266,1996,11,49
9605271,1996,9,4
9605281,1996,8,22
9605283,1996,30,68
9605286,1996,4,29
9605288,1996,7,65
9605291,1996,1,3
9605293,1996,2,3
9605295,1996,7,11
9605298,1996,4,12
9605308,1996,2,0
9605312,1996,0,3
9605315,1996,1,5
9605317,1996,3,66
9605318,1996,4,2
9605323,1996,10,85
9605326,1996,3,16
9605328,1996,10,3
9605330,1996,4,26
9605338,1996,10,0
9605340,1996,5,8
9605342,1996,72,47
9605345,1996,8,29
9605348,1996,7,2
9605349,1996,5,15
9605351,1996,15,16
9605355,1996,10,1
9605357,1996,0,23
9605359,1996,18,11
9605363,1996,0,2
9605369,1996,5,1
9605376,1996,9,9
9605377,1996,17,16
9605381,1996,0,1
9605383,1996,8,2
9605385,1996,4,9
9605387,1996,42,23
9605389,1996,5,11
9605390,1996,4,0
9605398,1996,23,57
9605406,1996,16,6
9605408,1996,8,65
9605411,1996,2,7
9605412,1996,2,13
9605417,1996,6,3
9605419,1996,23,11
9605422,1996,1,6
9605424,1996,3,8
9605425,1996,3,2
9605428,1996,2,13
9605431,1996,4,82
9605434,1996,5,18
9605439,1996,2,11
9605444,1996,6,12
9605446,1996,3,53
9605451,1996,14,6
9605456,1996,6,53
9605463,1996,7,11
9605465,1996,29,34
9605466,1996,12,0
9606201,1996,1,7
9606203,1996,6,29
9606211,1996,37,164
9606213,1996,2,3
9606214,1996,2,4
9606217,1996,7,8
9606219,1996,6,8
9606220,1996,2,2
9606223,1996,6,9
9606230,1996,11,51
9606231,1996,8,21
9606233,1996,8,20
9606235,1996,11,1
9606240,1996,1,0
9606245,1996,6,0
9606247,1996,17,6
9606251,1996,18,58
9606253,1996,14,6
9606254,1996,9,21
9606258,1996,0,2
9606262,1996,6,1
9606264,1996,9,6
9606265,1996,5,1
9606267,1996,8,10
9606269,1996,2,6
9606271,1996,3,5
9606273,1996,3,6
9606280,1996,15,47
9606293,1996,6,3
9606299,1996,17,1
9606301,1996,5,1
9606310,1996,7,10
9606314,1996,9,58
9606322,1996,15,1
9606324,1996,82,15
9606325,1996,25,16
9606326,1996,2,3
9606337,1996,7,84
9606338,1996,11,1
9606344,1996,9,37
9606345,1996,5,79
9606346,1996,3,18
9606350,1996,4,0
9606352,1996,2,0
9606356,1996,6,7
9606362,1996,4,22
9606363,1996,3,1
9606364,1996,12,10
9606371,1996,4,5
9606375,1996,2,2
9606376,1996,7,0
9606378,1996,9,12
9606380,1996,2,9
9606386,1996,24,31
9606388,1996,43,105
9606392,1996,13,7
9606397,1996,8,14
9606399,1996,11,238
9606403,1996,1,12
9606415,1996,19,10
9606418,1996,17,2
9606419,1996,4,17
9606421,1996,8,3
9606435,1996,13,4
9606438,1996,27,12
9606440,1996,11,3
9606443,1996,4,38
9606452,1996,2,2
9606459,1996,3,2
9606461,1996,4,1
9606464,1996,6,9
9606465,1996,0,5
9606468,1996,3,16
9606469,1996,20,4
9606470,1996,4,5
9606474,1996,10,5
9606476,1996,15,1
9606483,1996,9,11
9607204,1996,5,6
9607214,1996,7,27
9607215,1996,4,16
9607217,1996,3,17
9607220,1996,7,9
9607221,1996,18,1
9607223,1996,7,2
9607225,1996,10,47
9607233,1996,13,16
9607240,1996,1,1
9607241,1996,2,4
9607243,1996,9,4
9607244,1996,1,11
9607252,1996,11,5
9607254,1996,53,57
9607255,1996,3,2
9607275,1996,9,12
9607276,1996,2,4
9607281,1996,6,5
9607286,1996,15,28
9607288,1996,6,2
9607289,1996,4,6
9607290,1996,8,34
9607303,1996,7,12
9607306,1996,3,2
9607309,1996,8,6
9607312,1996,8,2
9607314,1996,4,23
9607315,1996,2,10
9607317,1996,4,7
9607319,1996,6,14
9607328,1996,3,2
9607331,1996,2,1
9607332,1996,17,18
9607335,1996,3,0
9607337,1996,4,0
9607343,1996,11,3
9607350,1996,3,0
9607351,1996,5,2
9607366,1996,11,8
9607374,1996,1,2
9607382,1996,13,11
9607383,1996,7,64
9607385,1996,5,3
9607390,1996,7,8
9607392,1996,15,18
9607394,1996,15,108
9607397,1996,14,64
9607399,1996,6,6
9607403,1996,4,2
9607404,1996,12,25
9607407,1996,4,0
9607408,1996,1,16
9607412,1996,18,5
9607414,1996,25,25
9607417,1996,13,0
9607421,1996,10,19
9607423,1996,7,2
9607428,1996,3,11
9607430,1996,14,0
9607431,1996,1,20
9607432,1996,13,27
9607438,1996,5,3
9607442,1996,10,8
9607446,1996,8,12
9607447,1996,5,33
9607459,1996,2,12
9607463,1996,11,4
9607465,1996,12,13
9607466,1996,7,8
9607470,1996,6,4
9607473,1996,13,17
9607474,1996,9,1
9607480,1996,3,0
9607484,1996,20,6
9607485,1996,27,17
9608203,1996,7,33
9608204,1996,2,2
9608223,1996,7,16
9608224,1996,24,50
9608230,1996,15,1
9608234,1996,6,0
9608239,1996,10,9
9608240,1996,0,1
9608242,1996,2,1
9608246,1996,9,0
9608250,1996,5,0
9608269,1996,6,10
9608272,1996,24,9
9608273,1996,12,2
9608275,1996,16,9
9608276,1996,12,31
9608277,1996,4,27
9608279,1996,1,3
9608293,1996,4,5
9608297,1996,9,14
9608299,1996,5,3
9608304,1996,5,0
9608305,1996,4,6
9608306,1996,9,8
9608308,1996,4,28
9608310,1996,7,7
9608313,1996,6,7
9608317,1996,0,29
9608319,1996,2,2
9608322,1996,1,18
9608323,1996,10,0
9608325,1996,12,1
9608326,1996,6,0
9608329,1996,8,24
9608330,1996,9,3
9608335,1996,3,0
9608338,1996,11,5
9608340,1996,8,8
9608342,1996,7,6
9608347,1996,1,9
9608348,1996,4,1
9608350,1996,21,20
9608352,1996,10,23
9608358,1996,28,13
9608364,1996,9,9
9608365,1996,12,34
9608366,1996,3,20
9608368,1996,7,10
9608369,1996,3,3
9608373,1996,9,5
9608394,1996,15,18
9608399,1996,8,3
9608401,1996,1,18
9608402,1996,2,1
9608407,1996,9,18
9608409,1996,2,2
9608415,1996,12,28
9608418,1996,10,1
9608420,1996,18,1
9608430,1996,18,36
9608434,1996,11,33
9608445,1996,1,0
9608450,1996,5,10
9608451,1996,2,0
9608460,1996,9,22
9608464,1996,4,1
9608466,1996,6,12
9608483,1996,5,3
9608487,1996,2,6
9608489,1996,33,0
9608491,1996,7,46
9608492,1996,2,1
9609204,1996,8,1
9609208,1996,6,0
9609209,1996,17,27
9609212,1996,11,9
9609226,1996,13,12
9609233,1996,2,18
9609239,1996,7,2
9609240,1996,22,3
9609245,1996,10,11
9609246,1996,4,3
9609249,1996,11,3
9609262,1996,4,8
9609265,1996,13,2
9609266,1996,6,5
9609267,1996,4,9
9609269,1996,1,3
9609272,1996,9,0
9609277,1996,2,6
9609279,1996,12,44
9609286,1996,14,5
9609294,1996,3,0
9609301,1996,11,3
9609304,1996,10,0
9609305,1996,6,1
9609308,1996,3,5
9609309,1996,20,10
9609320,1996,6,4
9609324,1996,46,4
9609326,1996,7,7
9609331,1996,10,105
9609346,1996,10,1
9609348,1996,6,10
9609351,1996,10,3
9609356,1996,7,1
9609360,1996,6,23
9609364,1996,8,12
9609365,1996,8,15
9609368,1996,12,9
9609371,1996,3,4
9609372,1996,2,4
9609377,1996,8,10
9609380,1996,17,5
9609381,1996,4,158
9609384,1996,3,12
9609392,1996,15,4
9609393,1996,8,2
9609395,1996,2,8
9609398,1996,14,0
9609400,1996,0,16
9609404,1996,1,13
9609419,1996,7,15
9609425,1996,12,0
9609426,1996,1,3
9609428,1996,3,29
9609432,1996,4,1
9609434,1996,26,73
9609443,1996,23,48
9609444,1996,16,50
9609445,1996,2,22
9609460,1996,5,29
9609468,1996,2,6
9609469,1996,5,16
9609480,1996,8,8
9609481,1996,3,66
9609487,1996,2,10
9609488,1996,10,11
9609489,1996,5,0
9609497,1996,23,5
9609498,1996,4,11
9609511,1996,26,25
9609512,1996,28,45
9609514,1996,1,0
9609517,1996,13,11
9609522,1996,19,1
9609525,1996,1,5
9609529,1996,15,34
9610203,1996,6,1
9610207,1996,5,1
9610208,1996,4,22
9610209,1996,2,126
9610210,1996,2,2
9610213,1996,3,6
9610220,1996,2,0
9610221,1996,6,4
9610223,1996,0,21
9610224,1996,29,31
9610232,1996,2,9
9610233,1996,29,42
9610238,1996,29,10
9610239,1996,8,0
9610242,1996,0,7
9610245,1996,24,2
9610247,1996,12,11
9610255,1996,6,2
9610257,1996,11,2
9610259,1996,6,28
9610261,1996,3,2
9610262,1996,6,0
9610269,1996,8,18
9610270,1996,3,7
9610271,1996,32,8
9610272,1996,3,20
9610274,1996,3,15
9610275,1996,5,10
9610283,1996,11,21
9610290,1996,4,0
9610294,1996,13,2
9610296,1996,11,1
9610297,1996,8,7
9610298,1996,3,2
9610304,1996,5,11
9610309,1996,8,0
9610310,1996,7,6
9610313,1996,10,13
9610320,1996,11,1
9610323,1996,32,55
9610325,1996,3,87
9610326,1996,3,12
9610331,1996,8,13
9610334,1996,10,11
9610336,1996,13,1
9610341,1996,9,4
9610344,1996,6,2
9610351,1996,5,1
9610357,1996,10,16
9610360,1996,20,16
9610362,1996,8,10
9610363,1996,21,8
9610370,1996,22,31
9610380,1996,3,14
9610381,1996,10,17
9610384,1996,4,8
9610385,1996,41,3
9610397,1996,8,6
9610398,1996,8,0
9610402,1996,8,7
9610408,1996,24,27
9610412,1996,4,1
9610416,1996,8,3
9610423,1996,10,7
9610424,1996,2,8
9610430,1996,10,5
9610431,1996,14,8
9610433,1996,5,20
9610436,1996,9,0
9610440,1996,3,8
9610445,1996,11,24
9610449,1996,17,33
9610451,1996,28,167
9610457,1996,29,2
9610460,1996,24,2
9610462,1996,35,0
9610463,1996,8,3
9610464,1996,12,6
9610470,1996,9,7
9610477,1996,0,7
9610485,1996,10,9
9610490,1996,5,31
9610492,1996,17,14
9610498,1996,7,17
9610506,1996,6,13
9610515,1996,19,7
9610517,1996,27,8
9610518,1996,8,6
9610527,1996,7,12
9610529,1996,11,4
9610534,1996,2,34
9610538,1996,3,1
9610540,1996,25,83
9610549,1996,2,17
9610553,1996,14,12
9611207,1996,4,19
9611208,1996,20,6
9611210,1996,9,3
9611213,1996,9,24
9611214,1996,5,0
9611217,1996,35,10
9611218,1996,10,29
9611219,1996,7,1
9611224,1996,8,3
9611225,1996,2,5
9611227,1996,21,3
9611237,1996,14,1
9611239,1996,38,22
9611240,1996,24,1
9611242,1996,10,2
9611243,1996,15,21
9611244,1996,2,11
9611247,1996,13,17
9611248,1996,8,7
9611251,1996,19,24
9611253,1996,4,22
9611258,1996,8,2
9611260,1996,6,2
9611265,1996,4,1
9611272,1996,16,24
9611273,1996,15,23
9611277,1996,18,26
9611278,1996,13,3
9611286,1996,7,2
9611288,1996,16,3
9611292,1996,4,15
9611293,1996,24,18
9611297,1996,8,5
9611298,1996,3,0
9611303,1996,6,2
9611306,1996,18,0
9611311,1996,2,3
9611313,1996,3,5
9611315,1996,1,0
9611316,1996,13,4
9611320,1996,4,9
9611322,1996,2,4
9611326,1996,11,5
9611333,1996,2,7
9611334,1996,6,5
9611342,1996,8,0
9611346,1996,7,0
9611347,1996,11,9
9611353,1996,0,4
9611356,1996,11,1
9611358,1996,18,8
9611361,1996,0,7
9611363,1996,12,82
9611364,1996,14,12
9611365,1996,5,0
9611367,1996,8,24
9611373,1996,11,5
9611375,1996,6,6
9611386,1996,16,5
9611388,1996,12,23
9611391,1996,4,4
9611393,1996,7,7
9611397,1996,14,22
9611399,1996,0,1
9611401,1996,6,8
9611402,1996,7,1
9611409,1996,23,22
9611417,1996,2,2
9611421,1996,3,3
9611422,1996,7,7
9611428,1996,4,0
9611432,1996,1,1
9611433,1996,9,114
9611434,1996,4,3
9611436,1996,8,0
9611437,1996,8,8
9611441,1996,1,3
9611443,1996,15,22
9611445,1996,7,13
9611451,1996,33,3
9611453,1996,9,10
9611455,1996,8,25
9611457,1996,8,0
9611461,1996,19,3
9611462,1996,20,5
9611463,1996,5,15
9612202,1996,9,21
9612203,1996,1,2
9612209,1996,9,0
9612211,1996,0,6
9612212,1996,15,13
9612223,1996,9,8
9612224,1996,3,0
9612225,1996,13,24
9612229,1996,55,17
9612231,1996,3,3
9612232,1996,8,20
9612236,1996,17,3
9612238,1996,3,3
9612250,1996,15,12
9612251,1996,5,20
9612252,1996,14,22
9612254,1996,11,9
9612260,1996,8,22
9612261,1996,32,27
9612262,1996,56,10
9612263,1996,6,0
9612267,1996,2,9
9612269,1996,10,45
9612270,1996,10,10
9612272,1996,12,9
9612276,1996,9,1
9612282,1996,31,6
9612284,1996,0,21
9612286,1996,9,6
9612287,1996,0,18
9612293,1996,17,5
9612300,1996,24,23
9612301,1996,9,7
9612302,1996,9,6
9612307,1996,36,4
9612310,1996,4,4
9612313,1996,12,149
9612314,1996,0,6
9612318,1996,10,23
9612319,1996,12,3
9612321,1996,11,10
9612323,1996,1,4
9612327,1996,28,2
9612328,1996,11,6
9612334,1996,11,17
9612337,1996,13,11
9612340,1996,5,3
9612346,1996,13,34
9612347,1996,30,15
9612353,1996,13,15
9612357,1996,6,6
9612359,1996,18,4
9612363,1996,10,41
9612364,1996,29,69
9612366,1996,11,0
9612374,1996,3,8
9612376,1996,12,5
9612377,1996,6,9
9612382,1996,7,0
9612385,1996,8,6
9612389,1996,21,14
9612394,1996,13,36
9612397,1996,5,34
9612398,1996,10,31
9612400,1996,7,4
9612402,1996,9,25
9612409,1996,4,7
9612413,1996,8,8
9612415,1996,10,12
9612417,1996,6,2
9612422,1996,11,3
9612424,1996,25,38
9612425,1996,10,11
9612426,1996,8,23
9612428,1996,6,11
9612433,1996,0,37
9612439,1996,5,3
9612440,1996,6,6
9612441,1996,10,4
9612442,1996,18,14
9612446,1996,33,36
9612447,1996,11,62
9612449,1996,5,33
9612453,1996,3,5
9612455,1996,3,0
9612457,1996,10,22
9612462,1996,2,10
9612463,1996,12,21
9612464,1996,23,42
9612473,1996,5,1
9612475,1996,2,1
9612477,1996,3,0
9612490,1996,16,12
9612491,1996,12,1
9612493,1996,21,1
9701204,1997,2,0
9701209,1997,7,2
9701211,1997,13,1
9701212,1997,0,8
9701213,1997,6,6
9701222,1997,2,7
9701225,1997,22,0
9701229,1997,6,36
9701231,1997,48,54
9701233,1997,11,31
9701234,1997,14,11
9701236,1997,8,11
9701243,1997,3,10
9701248,1997,10,16
9701254,1997,9,4
9701256,1997,7,24
9701260,1997,9,18
9701271,1997,4,3
9701277,1997,26,7
9701280,1997,10,0
9701283,1996,10,29
9701284,1997,9,51
9701285,1997,3,9
9701286,1997,13,35
9701289,1997,27,88
9701291,1997,17,19
9701294,1997,5,55
9701296,1997,5,10
9701300,1997,13,19
9701301,1997,27,18
9701303,1997,14,24
9701308,1997,8,22
9701325,1997,14,4
9701328,1997,16,1
9701330,1997,6,23
9701334,1997,10,6
9701337,1997,7,1
9701338,1997,3,5
9701340,1997,1,1
9701341,1997,15,24
9701343,1997,7,5
9701344,1997,15,3
9701353,1997,6,11
9701357,1997,18,4
9701364,1997,2,7
9701365,1997,15,7
9701366,1997,4,6
9701370,1997,4,2
9701374,1997,6,5
9701375,1997,7,16
9701378,1997,11,6
9701384,1997,12,29
9701387,1997,2,1
9701388,1997,9,4
9701390,1997,4,77
9701392,1997,15,11
9701393,1997,8,21
9701396,1997,12,25
9701400,1997,5,12
9701406,1997,13,7
9701411,1997,12,0
9701413,1997,16,12
9701414,1997,7,0
9701418,1997,14,12
9701419,1997,10,16
9701425,1997,3,6
9702201,1997,8,24
9702202,1997,14,3
9702209,1997,9,13
9702213,1997,1,1
9702216,1997,14,33
9702217,1997,7,0
9702218,1997,3,8
9702225,1997,7,5
9702227,1997,56,19
9702242,1997,7,7
9702245,1997,4,98
9702247,1997,14,19
9702251,1997,5,8
9702255,1997,7,2
9702261,1997,7,0
9702263,1997,14,13
9702265,1997,6,15
9702270,1997,8,7
9702272,1997,4,0
9702276,1997,18,42
9702277,1997,7,12
9702281,1997,12,12
9702282,1997,9,11
9702287,1997,44,22
9702291,1997,24,14
9702292,1997,7,4
9702293,1997,4,5
9702294,1997,2,1
9702299,1997,16,25
9702301,1997,7,5
9702305,1997,11,25
9702307,1997,19,29
9702310,1997,44,5
9702314,1997,6,46
9702318,1997,12,36
9702322,1997,13,30
9702323,1997,22,0
9702325,1997,5,5
9702331,1997,11,13
9702338,1997,5,2
9702339,1997,2,11
9702352,1997,9,2
9702354,1997,4,9
9702356,1997,6,1
9702363,1997,13,14
9702364,1997,8,6
9702367,1997,19,51
9702369,1997,3,1
9702370,1997,7,2
9702373,1997,7,18
9702375,1997,69,14
9702376,1997,5,13
9702378,1997,0,15
9702380,1997,3,31
9702383,1997,3,7
9702392,1997,14,93
9702393,1997,11,18
9702403,1997,6,11
9702404,1997,6,12
9702408,1997,6,13
9702409,1997,52,86
9702412,1997,10,12
9702417,1997,4,12
9702423,1997,24,19
9702424,1997,17,18
9702430,1997,5,4
9702431,1997,42,7
9702435,1997,8,8
9702441,1997,4,1
9702443,1997,11,48
9703206,1997,3,1
9703211,1997,31,20
9703212,1997,47,66
9703213,1997,1,15
9703215,1997,4,4
9703218,1997,3,5
9703219,1997,20,2
9703221,1997,6,9
9703223,1997,16,0
9703224,1997,6,20
9703225,1997,0,3
9703226,1997,13,8
9703228,1997,8,7
9703234,1997,20,3
9703236,1997,7,5
9703239,1997,21,3
9703246,1997,20,15
9703248,1997,9,13
9703250,1997,16,13
9703251,1997,2,2
9703254,1997,32,8
9703255,1997,1,8
9703257,1997,4,12
9703260,1997,11,3
9703262,1997,4,2
9703264,1997,16,2
9703266,1997,8,21
9703270,1997,16,5
9703276,1997,20,120
9703277,1997,2,20
9703278,1997,3,40
9703279,1997,18,83
9703280,1997,12,4
9703284,1997,4,42
9703285,1997,8,18
9703287,1997,26,55
9703288,1997,27,106
9703290,1997,52,64
9703291,1997,8,21
9703298,1997,5,45
9703299,1997,11,76
9703302,1997,4,6
9703303,1997,4,7
9703305,1997,5,17
9703311,1997,12,61
9703312,1997,10,17
9703313,1997,4,20
9703316,1997,1,15
9703318,1997,6,4
9703319,1997,10,24
9703321,1997,3,2
9703326,1997,44,3
9703330,1997,8,10
9703331,1997,1,2
9703332,1997,9,28
9703337,1997,36,77
9703338,1997,10,26
9703341,1997,19,5
9703342,1997,4,0
9703345,1997,6,19
9703346,1997,8,29
9703349,1997,16,55
9703353,1997,16,50
9703358,1997,7,25
9703359,1997,19,7
9703360,1997,8,1
9703363,1997,16,15
9703366,1997,4,0
9703367,1997,3,10
9703369,1997,17,20
9703372,1997,16,10
9703373,1997,2,6
9703374,1997,20,5
9703375,1997,9,42
9703376,1997,5,0
9703377,1997,8,18
9703378,1997,9,10
9703379,1997,6,33
9703383,1997,5,3
9703384,1997,5,3
9703389,1997,4,10
9703391,1997,25,7
9703392,1997,1,2
9703395,1997,5,3
9703402,1997,7,11
9703404,1997,7,25
9703408,1997,2,2
9703411,1997,8,13
9703412,1997,23,1
9703420,1997,13,48
9703425,1997,8,1
9703427,1997,11,49
9703433,1997,7,43
9703434,1997,2,5
9703436,1997,10,42
9703442,1997,41,46
9703444,1997,9,23
9703445,1997,12,22
9703448,1997,13,14
9703449,1997,6,50
9703455,1997,9,10
9703460,1997,0,6
9703462,1997,23,1
9703463,1997,21,14
9704201,1997,8,17
9704203,1997,9,2
9704204,1997,8,4
9704205,1997,6,12
9704206,1997,9,10
9704207,1997,12,155
9704212,1997,9,14
9704213,1997,10,19
9704214,1997,2,26
9704219,1997,2,5
9704221,1997,24,52
9704225,1997,17,11
9704228,1997,3,21
9704234,1997,14,6
9704235,1997,17,7
9704241,1997,8,5
9704243,1997,11,10
9704245,1997,17,24
9704248,1997,1,4
9704250,1997,3,5
9704255,1997,4,8
9704257,1997,29,35
9704259,1997,6,9
9704267,1997,4,7
9704268,1997,14,10
9704275,1997,17,43
9704277,1997,7,17
9704278,1997,7,8
9704280,1997,14,21
9704282,1997,1,3
9704288,1997,22,4
9704297,1997,19,11
9704298,1997,11,31
9704301,1997,3,24
9704302,1997,4,0
9704307,1997,27,12
9704317,1997,6,24
9704320,1997,3,4
9704322,1997,19,36
9704324,1997,4,9
9704325,1997,6,25
9704326,1997,6,3
9704327,1997,18,15
9704331,1997,6,22
9704333,1997,5,51
9704336,1997,13,15
9704338,1997,4,34
9704339,1997,13,27
9704343,1997,14,14
9704347,1997,63,20
9704349,1997,35,6
9704351,1997,27,3
9704355,1997,2,15
9704357,1997,3,39
9704358,1997,23,10
9704359,1997,9,8
9704363,1997,21,14
9704366,1997,1,1
9704371,1997,13,4
9704376,1997,119,49
9704377,1997,6,17
9704378,1997,9,7
9704380,1997,16,15
9704389,1997,17,16
9704398,1997,5,7
9704400,1997,3,2
9704401,1997,7,0
9704402,1997,18,22
9704403,1997,22,19
9704409,1997,2,2
9704412,1997,11,39
9704415,1997,3,17
9704420,1997,0,2
9704421,1997,10,3
9704423,1997,13,68
9704426,1997,2,0
9704428,1997,22,23
9704435,1997,3,3
9704443,1997,5,1
9704448,1997,12,46
9704451,1997,6,0
9704453,1997,20,5
9704455,1997,4,6
9704456,1997,0,5
9705201,1997,18,32
9705206,1997,7,2
9705207,1997,4,8
9705209,1997,10,3
9705218,1997,5,10
9705221,1997,13,36
9705222,1997,9,5
9705223,1997,3,8
9705228,1997,14,14
9705229,1997,6,9
9705230,1997,8,15
9705234,1997,25,31
9705236,1997,17,24
9705240,1997,6,11
9705242,1997,3,19
9705244,1997,17,34
9705245,1997,10,11
9705248,1997,12,9
9705249,1997,5,3
9705251,1997,3,30
9705254,1997,7,21
9705256,1997,5,0
9705258,1997,7,24
9705261,1997,7,5
9705263,1997,0,3
9705264,1997,3,34
9705267,1997,11,8
9705269,1997,9,7
9705271,1997,13,28
9705278,1997,2,2
9705279,1997,7,14
9705281,1997,0,1
9705282,1997,15,5
9705286,1997,13,20
9705287,1997,25,33
9705290,1997,19,36
9705292,1997,27,56
9705303,1997,4,1
9705304,1997,6,37
9705306,1997,21,2
9705307,1997,16,23
9705309,1997,24,2
9705311,1997,4,14
9705315,1997,7,3
9705318,1997,9,24
9705319,1997,11,6
9705320,1997,16,11
9705327,1997,12,4
9705333,1997,8,4
9705336,1997,4,0
9705337,1997,38,38
9705341,1997,27,16
9705344,1997,16,53
9705345,1997,11,7
9705353,1997,7,0
9705355,1997,4,0
9705363,1997,10,5
9705364,1997,2,6
9705370,1997,5,2
9705372,1997,27,14
9705378,1997,7,1
9705380,1997,7,15
9705388,1997,13,10
9705393,1997,0,4
9705395,1997,8,11
9705398,1997,16,36
9705399,1997,31,17
9705401,1997,3,21
9705410,1997,11,1
9705413,1997,3,19
9705414,1997,33,26
9705416,1997,34,40
9705417,1997,3,14
9705422,1997,0,2
9705429,1997,2,19
9705435,1997,14,18
9705437,1997,9,39
9705439,1997,1,0
9705440,1997,25,3
9705441,1997,5,1
9705442,1997,17,97
9705447,1997,7,7
9705450,1997,14,4
9705453,1997,8,7
9705459,1997,5,1
9705460,1997,6,12
9705465,1997,9,2
9705466,1997,10,6
9705467,1997,7,16
9705469,1997,24,13
9705470,1997,7,3
9705475,1997,5,5
9705477,1997,18,68
9705479,1997,20,10
9705480,1997,3,0
9706203,1997,12,8
9706205,1997,6,1
9706206,1997,12,26
9706209,1997,6,24
9706215,1997,5,1
9706220,1997,28,5
9706222,1997,5,0
9706223,1997,8,9
9706229,1997,12,22
9706233,1997,1,2
9706234,1997,14,0
9706236,1997,10,0
9706238,1997,2,12
9706239,1997,1,3
9706251,1997,15,9
9706252,1997,6,15
9706260,1997,17,46
9706264,1997,7,0
9706270,1997,6,17
9706271,1997,21,16
9706273,1997,3,7
9706275,1997,9,7
9706276,1997,2,3
9706285,1997,10,25
9706286,1997,7,0
9706287,1997,8,21
9706288,1997,24,8
9706290,1997,7,0
9706297,1997,8,24
9706298,1997,24,19
9706307,1997,70,18
9706315,1997,3,68
9706316,1997,6,18
9706324,1997,3,0
9706326,1997,3,5
9706331,1997,13,20
9706334,1997,15,10
9706337,1997,13,3
9706339,1997,6,13
9706343,1997,15,5
9706344,1997,8,49
9706347,1997,7,15
9706350,1997,3,5
9706351,1997,31,2
9706357,1997,7,3
9706362,1997,61,5
9706379,1997,1,4
9706384,1997,5,1
9706387,1997,28,14
9706389,1997,18,1
9706390,1997,19,2
9706392,1997,10,1
9706394,1997,3,9
9706404,1997,4,3
9706409,1997,8,9
9706410,1997,10,28
9706412,1997,8,12
9706419,1997,4,5
9706420,1997,10,20
9706421,1997,18,8
9706430,1997,12,53
9706437,1997,2,6
9706439,1997,10,3
9706441,1997,8,9
9706449,1997,3,7
9706453,1997,5,11
9706454,1997,20,9
9706457,1997,19,9
9706468,1997,4,1
9706480,1997,8,4
9706481,1997,23,0
9706482,1997,18,26
9706487,1997,5,10
9706489,1997,11,8
9706491,1997,8,1
9706495,1997,7,0
9706499,1997,6,0
9706500,1997,4,3
9706501,1997,25,13
9706502,1997,3,5
9706507,1997,4,28
9706510,1997,6,12
9706511,1997,14,22
9706512,1997,12,14
9706516,1997,3,2
9706518,1997,2,5
9706519,1997,30,6
9706522,1997,9,12
9706526,1997,3,17
9706528,1997,6,0
9706530,1997,4,8
9706534,1997,18,36
9706540,1997,11,23
9706543,1997,2,3
9706545,1997,14,22
9706550,1997,1,2
9706551,1997,6,7
9707201,1997,10,3
9707208,1997,11,17
9707209,1997,3,17
9707211,1997,7,6
9707213,1997,18,11
9707214,1997,6,16
9707215,1997,4,11
9707218,1997,5,3
9707220,1997,7,17
9707222,1997,2,1
9707223,1997,19,17
9707227,1997,32,9
9707228,1997,5,3
9707229,1997,4,4
9707230,1997,9,0
9707238,1997,10,1
9707239,1997,19,7
9707242,1997,26,9
9707243,1997,7,9
9707248,1997,8,2
9707251,1997,27,68
9707253,1997,8,0
9707261,1997,10,0
9707266,1997,6,2
9707270,1995,10,3
9707271,1997,19,2
9707274,1997,46,13
9707275,1997,26,15
9707278,1997,13,10
9707284,1997,9,2
9707286,1997,4,6
9707290,1997,15,3
9707291,1997,16,37
9707295,1997,8,2
9707297,1997,20,7
9707299,1997,7,9
9707301,1997,12,10
9707304,1997,17,1
9707305,1997,4,3
9707307,1997,4,1
9707309,1997,12,14
9707311,1997,10,4
9707312,1997,36,1
9707313,1997,11,29
9707314,1997,13,0
9707318,1997,15,3
9707321,1997,10,3
9707327,1997,6,21
9707328,1997,11,6
9707334,1997,8,16
9707335,1997,3,5
9707336,1997,4,14
9707345,1997,11,11
9707351,1997,8,12
9707354,1997,21,38
9707355,1997,15,17
9707356,1997,3,7
9707359,1997,4,1
9707361,1997,4,0
9707366,1997,14,1
9707367,1997,7,5
9707371,1997,27,11
9707384,1997,3,8
9707385,1997,5,16
9707386,1997,9,10
9707387,1997,10,18
9707388,1997,3,2
9707395,1997,12,46
9707409,1997,1,56
9707410,1997,5,2
9707411,1997,2,1
9707412,1997,53,40
9707413,1997,11,1
9707415,1997,30,3
9707418,1997,10,1
9707420,1997,37,1
9707421,1997,2,6
9707422,1997,10,2
9707425,1997,18,8
9707426,1997,11,15
9707431,1997,1,4
9707435,1997,38,121
9707436,1997,9,13
9707437,1997,8,7
9707439,1997,9,1
9707442,1997,22,3
9707443,1997,49,0
9707447,1997,3,7
9707450,1997,21,10
9707451,1997,29,8
9707455,1997,6,0
9707458,1997,32,19
9707461,1997,12,0
9707467,1997,10,5
9707470,1997,16,3
9707473,1997,2,0
9707474,1997,10,9
9707476,1997,12,4
9707477,1997,42,29
9707478,1997,10,13
9707481,1997,12,86
9707485,1997,21,24
9707486,1997,10,1
9707487,1997,8,5
9707488,1997,13,18
9707490,1997,4,5
9707497,1997,59,16
9707499,1997,6,1
9707507,1997,6,7
9707509,1997,16,16
9707510,1997,15,30
9707514,1997,4,4
9707515,1997,18,24
9707518,1997,33,1
9707521,1997,17,22
9707523,1997,4,17
9707529,1997,12,0
9707531,1997,15,2
9707532,1997,10,26
9707535,1997,21,10
9707537,1997,14,13
9707540,1997,46,13
9707543,1997,1,15
9707546,1997,26,17
9708212,1997,11,5
9708216,1997,3,3
9708221,1997,68,2
9708222,1997,16,36
9708223,1997,6,14
9708227,1997,18,35
9708239,1997,32,23
9708242,1997,12,0
9708249,1997,4,0
9708250,1997,31,5
9708252,1997,18,0
9708254,1997,41,8
9708255,1997,27,26
9708260,1997,1,2
9708264,1997,15,6
9708265,1997,10,3
9708271,1997,1,2
9708272,1997,12,18
9708285,1997,10,1
9708300,1997,6,15
9708303,1997,7,4
9708306,1997,5,22
9708311,1997,5,49
9708319,1997,1,8
9708321,1997,17,1
9708322,1997,18,0
9708326,1997,3,14
9708330,1997,45,3
9708331,1997,4,0
9708332,1997,27,1
9708333,1997,9,0
9708335,1997,13,31
9708339,1997,39,0
9708340,1997,24,0
9708342,1997,14,5
9708343,1997,14,6
9708346,1997,7,14
9708348,1997,6,13
9708349,1997,15,4
9708355,1997,2,1
9708357,1997,10,17
9708358,1997,9,8
9708366,1997,4,9
9708368,1997,6,1
9708371,1997,5,2
9708372,1997,11,24
9708376,1997,35,0
9708377,1997,34,8
9708378,1997,17,1
9708386,1997,22,3
9708388,1997,3,5
9708392,1997,8,11
9708393,1997,16,68
9708395,1997,4,13
9708396,1997,5,16
9708398,1997,4,5
9708399,1997,7,1
9708404,1997,7,2
9708405,1997,15,3
9708411,1997,4,2
9708415,1997,8,1
9708419,1997,40,15
9708421,1997,1,0
9708423,1997,4,4
9708425,1997,5,6
9708430,1997,12,2
9708431,1997,7,9
9708437,1997,47,18
9708442,1997,25,0
9708446,1997,6,9
9708448,1997,15,12
9708454,1997,0,4
9708456,1997,5,75
9708463,1997,1,2
9708466,1997,6,1
9708472,1997,4,1
9708480,1997,6,18
9708495,1997,8,9
9709208,1997,4,9
9709214,1997,0,2
9709215,1997,11,28
9709223,1997,19,6
9709229,1997,13,12
9709231,1997,4,5
9709235,1997,42,1
9709237,1997,1,1
9709243,1997,3,25
9709244,1997,20,8
9709247,1997,10,1
9709264,1997,2,10
9709274,1997,5,11
9709280,1997,8,1
9709282,1997,10,3
9709286,1997,34,16
9709292,1997,1,4
9709293,1997,16,3
9709295,1997,7,6
9709297,1997,12,12
9709301,1997,88,12
9709302,1997,3,3
9709305,1997,5,3
9709312,1997,4,4
9709315,1997,10,4
9709316,1997,8,5
9709319,1997,34,6
9709320,1997,16,10
9709321,1997,3,0
9709322,1997,5,39
9709324,1997,24,0
9709325,1997,5,5
9709327,1997,6,5
9709333,1997,5,13
9709341,1997,8,4
9709344,1997,2,42
9709350,1997,0,4
9709353,1997,7,10
9709354,1997,6,13
9709355,1997,13,3
9709356,1997,105,96
9709360,1997,4,11
9709363,1997,17,16
9709365,1997,12,3
9709372,1997,11,9
9709376,1997,18,9
9709383,1997,16,6
9709386,1997,10,8
9709390,1997,12,5
9709392,1997,34,3
9709393,1997,6,0
9709395,1997,16,58
9709399,1997,2,2
9709400,1997,9,1
9709407,1997,17,3
9709408,1997,5,29
9709412,1997,19,1
9709418,1997,9,1
9709419,1997,4,11
9709423,1997,20,2
9709436,1997,17,4
9709437,1997,41,2
9709442,1997,13,28
9709444,1997,4,2
9709445,1997,5,14
9709446,1997,8,0
9709447,1997,5,6
9709450,1997,43,21
9709452,1997,4,22
9709453,1997,6,12
9709455,1997,3,2
9709459,1997,5,1
9709461,1997,7,0
9709468,1997,8,2
9709476,1997,6,1
9709482,1997,10,0
9709497,1997,11,3
9709499,1997,7,63
9709507,1997,29,9
9709510,1997,6,3
9710206,1997,13,14
9710211,1997,8,1
9710214,1997,15,10
9710217,1997,25,11
9710222,1997,10,9
9710227,1997,6,1
9710232,1997,1,2
9710237,1997,5,0
9710241,1997,2,2
9710244,1997,6,10
9710245,1997,2,19
9710247,1997,10,18
9710257,1997,19,14
9710259,1997,11,1
9710268,1997,5,16
9710270,1997,15,54
9710272,1997,4,4
9710276,1997,11,2
9710277,1997,20,8
9710285,1997,7,1
9710288,1997,36,2
9710290,1997,2,4
9710292,1997,2,2
9710293,1997,1,0
9710296,1997,3,3
9710300,1997,8,13
9710302,1997,14,15
9710309,1997,7,3
9710312,1997,20,28
9710316,1997,4,10
9710317,1997,7,19
9710322,1997,3,5
9710323,1997,14,7
9710326,1997,6,2
9710327,1997,31,4
9710333,1997,5,8
9710335,1997,21,79
9710339,1997,9,14
9710344,1997,8,0
9710349,1997,1,3
9710350,1997,18,3
9710353,1997,52,9
9710356,1997,8,26
9710357,1997,9,6
9710367,1997,8,4
9710368,1997,10,8
9710372,1997,26,33
9710373,1997,22,11
9710374,1997,14,15
9710375,1997,12,3
9710376,1997,1,6
9710378,1997,4,0
9710379,1997,13,20
9710381,1997,4,3
9710384,1997,5,1
9710392,1997,24,7
9710393,1997,2,0
9710394,1997,7,4
9710397,1997,14,4
9710401,1997,51,87
9710402,1997,3,7
9710410,1997,19,4
9710416,1997,2,3
9710421,1997,13,0
9710423,1997,14,6
9710425,1997,16,4
9710427,1997,13,28
9710429,1997,11,2
9710434,1997,74,19
9710436,1997,17,26
9710438,1997,24,38
9710440,1997,19,1
9710441,1997,4,8
9710451,1997,13,19
9710453,1997,9,3
9710456,1997,1,4
9710457,1997,5,1
9710460,1997,5,15
9710461,1997,3,2
9710463,1997,3,12
9710465,1997,14,9
9710473,1997,24,20
9710474,1997,4,0
9710478,1997,4,2
9710487,1997,16,41
9710508,1997,18,10
9710509,1997,5,18
9710511,1997,4,3
9710512,1997,18,4
9710514,1997,8,2
9710518,1997,3,2
9710521,1997,10,16
9710524,1997,5,0
9710528,1997,7,4
9710531,1997,11,19
9710534,1997,7,3
9710538,1997,14,7
9710540,1997,12,3
9710544,1997,3,8
9710547,1997,12,8
9710550,1997,14,20
9710560,1997,15,2
9710561,1997,5,18
9711201,1997,6,19
9711210,1997,7,2
9711215,1997,12,19
9711216,1997,27,7
9711220,1997,16,3
9711222,1997,2,1
9711223,1997,9,25
9711224,1997,19,5
9711227,1997,17,49
9711229,1997,8,16
9711231,1997,12,33
9711239,1997,7,0
9711246,1997,17,36
9711250,1997,11,5
9711252,1997,4,6
9711254,1997,16,3
9711257,1997,11,3
9711260,1997,8,2
9711261,1997,10,10
9711267,1997,9,0
9711269,1997,17,0
9711277,1997,2,6
9711280,1997,7,12
9711282,1997,17,0
9711283,1997,0,5
9711287,1997,10,75
9711292,1997,6,26
9711296,1997,17,2
9711304,1997,3,3
9711305,1997,7,2
9711308,1997,12,32
9711309,1997,11,14
9711314,1997,15,1
9711322,1997,19,7
9711335,1997,6,1
9711338,1997,4,0
9711339,1997,9,5
9711343,1997,7,0
9711348,1997,4,15
9711352,1997,33,2
9711355,1997,1,3
9711359,1997,4,3
9711362,1997,20,18
9711365,1997,24,8
9711367,1997,2,2
9711368,1997,18,5
9711371,1997,10,31
9711374,1997,10,0
9711377,1997,3,8
9711385,1997,14,5
9711387,1997,21,33
9711391,1997,12,78
9711395,1997,2,160
9711396,1997,2,154
9711398,1997,1,6
9711401,1997,43,21
9711402,1997,13,17
9711405,1997,6,11
9711413,1997,10,2
9711414,1997,8,13
9711417,1997,40,8
9711418,1997,3,4
9711420,1997,3,0
9711423,1997,22,7
9711435,1997,10,9
9711437,1997,5,1
9711440,1997,16,38
9711451,1997,0,2
9711454,1997,4,2
9711458,1997,2,4
9711459,1997,2,1
9711469,1997,3,36
9711470,1997,31,7
9711476,1997,11,5
9711478,1997,2,4
9711481,1997,12,13
9711483,1997,12,10
9711485,1997,12,37
9711488,1997,6,20
9711489,1997,13,1
9711490,1997,5,0
9711492,1997,21,4
9711500,1997,1,1
9711503,1997,7,2
9711504,1997,10,12
9711507,1997,6,2
9711509,1997,2,2
9711511,1997,43,0
9711514,1997,3,12
9711515,1997,1,2
9711517,1997,13,12
9711518,1997,9,2
9712201,1997,14,20
9712203,1997,2,11
9712213,1997,9,12
9712216,1997,11,12
9712219,1997,70,6
9712221,1997,30,31
9712222,1997,11,63
9712224,1997,17,45
9712226,1997,7,0
9712227,1997,9,1
9712228,1997,9,27
9712229,1997,8,2
9712231,1997,2,13
9712232,1997,4,4
9712233,1997,3,2
9712234,1997,20,20
9712237,1997,3,3
9712240,1997,1,6
9712245,1997,25,11
9712247,1997,5,1
9712248,1997,4,9
9712249,1997,38,26
9712250,1997,2,6
9712252,1997,4,8
9712253,1997,7,3
9712254,1997,4,12
9712259,1997,9,2
9712260,1997,20,2
9712261,1997,7,2
9712266,1997,2,0
9712267,1997,5,0
9712273,1997,18,8
9712275,1997,49,0
9712277,1997,18,11
9712287,1997,10,39
9712290,1997,0,8
9712291,1997,0,7
9712296,1997,5,0
9712301,1997,109,19
9712302,1997,6,58
9712305,1997,32,39
9712306,1997,3,14
9712309,1997,5,1
9712318,1997,10,9
9712319,1997,7,36
9712322,1997,39,5
9712323,1997,10,0
9712325,1997,12,7
9712330,1997,21,3
9712335,1997,8,1
9712339,1997,5,4
9712340,1997,27,0
9712344,1997,0,10
9712346,1997,15,2
9712347,1997,2,2
9712350,1997,6,3
9712362,1997,10,7
9712368,1997,23,25
9712370,1997,1,0
9712371,1997,6,8
9712372,1997,18,34
9712381,1997,17,2
9712388,1997,5,2
9712392,1997,5,54
9712398,1997,17,25
9712410,1997,22,11
9712413,1997,3,1
9712415,1997,2,23
9712425,1997,3,5
9712434,1997,6,4
9712435,1997,7,0
9712438,1997,13,9
9712442,1997,75,9
9712445,1997,8,11
9712448,1997,7,3
9712452,1997,13,3
9712457,1997,4,21
9712459,1997,4,17
9712464,1997,61,19
9712467,1997,7,26
9712469,1997,18,18
9712471,1997,8,16
9712473,1997,13,9
9712479,1997,16,15
9712481,1997,17,0
9712483,1997,9,13
9712491,1997,14,0
9712492,1997,8,9
9712494,1997,12,9
9712496,1997,21,13
9712497,1997,11,13
9712498,1997,6,0
9712501,1997,5,2
9712505,1997,37,1
9712507,1997,7,8
9712508,1997,12,11
9712516,1997,24,9
9712517,1997,8,28
9712519,1997,3,10
9712520,1997,13,7
9712523,1997,6,4
9712529,1997,4,0
9712542,1997,6,9
9712545,1997,4,0
9712546,1997,40,26
9712549,1997,4,2
9801201,1998,45,3
9801204,1998,18,8
9801208,1998,0,45
9801209,1998,0,41
9801210,1998,13,3
9801221,1998,0,4
9801224,1998,2,10
9801226,1998,4,3
9801227,1998,14,0
9801228,1998,21,3
9801233,1998,12,8
9801235,1998,40,3
9801238,1998,41,33
9801247,1998,14,0
9801250,1998,7,0
9801251,1998,32,13
9801252,1998,27,13
9801254,1998,10,3
9801260,1998,12,57
9801262,1998,13,51
9801268,1998,13,18
9801269,1998,59,14
9801271,1998,77,83
9801272,1998,41,42
9801281,1998,8,8
9801294,1998,10,9
9801295,1998,10,6
9801296,1998,10,0
9801300,1998,13,18
9801303,1998,11,1
9801312,1998,15,0
9801314,1998,3,3
9801316,1998,6,2
9801317,1998,3,1
9801330,1998,15,20
9801331,1998,36,0
9801337,1998,16,0
9801341,1998,19,3
9801343,1998,23,0
9801346,1998,3,3
9801351,1998,2,0
9801354,1998,5,0
9801356,1998,6,44
9801365,1998,28,24
9801369,1998,18,22
9801375,1998,10,44
9801381,1998,7,1
9801388,1998,17,4
9801397,1998,12,65
9801401,1998,2,0
9801406,1998,12,2
9801411,1998,14,9
9801412,1998,12,15
9801415,1998,12,14
9801417,1998,70,4
9801418,1998,5,5
9801420,1998,8,3
9801425,1998,38,5
9801430,1998,15,37
9801436,1998,5,4
9801442,1998,2,12
9801443,1998,29,37
9801444,1998,5,21
9801446,1998,18,18
9801448,1998,12,7
9801452,1998,21,0
9801456,1998,15,11
9802204,1998,4,9
9802214,1998,23,14
9802216,1998,10,3
9802217,1998,15,1
9802218,1998,31,11
9802219,1998,2,1
9802222,1998,3,0
9802223,1998,13,4
9802226,1998,15,3
9802231,1998,11,4
9802232,1998,7,0
9802235,1998,14,0
9802239,1998,3,16
9802240,1998,15,4
9802272,1998,10,2
9802273,1998,11,19
9802278,1998,4,0
9802280,1998,2,0
9802282,1998,5,4
9802284,1998,2,12
9802290,1998,3,108
9802292,1998,17,6
9802294,1998,10,14
9802298,1998,15,11
9802300,1998,10,39
9802301,1998,7,2
9802302,1998,119,5
9802305,1998,24,5
9802308,1998,19,23
9802309,1998,2,0
9802316,1998,4,1
9802331,1998,14,0
9802334,1998,14,33
9802335,1998,16,1
9802341,1998,1,12
9802353,1998,2,2
9802354,1998,9,0
9802355,1998,37,0
9802356,1998,10,0
9802357,1998,42,78
9802361,1998,5,15
9802362,1998,7,14
9802365,1998,21,35
9802372,1998,13,7
9802373,1998,6,16
9802379,1998,5,53
9802380,1998,3,5
9802381,1998,12,22
9802386,1998,17,2
9802390,1998,13,6
9802391,1998,29,67
9802394,1998,10,64
9802406,1998,5,19
9802409,1998,9,51
9802411,1998,13,13
9802414,1998,3,9
9802416,1998,40,20
9802419,1998,29,20
9802425,1998,18,3
9802428,1998,2,0
9802431,1998,7,2
9802432,1998,7,19
9802433,1998,17,33
9802438,1998,9,2
9802439,1998,17,19
9802440,1998,7,48
9802444,1998,6,0
9802446,1998,11,0
9803201,1998,1,2
9803210,1998,9,7
9803215,1998,22,2
9803219,1998,19,8
9803225,1998,7,24
9803226,1998,11,24
9803227,1998,19,12
9803229,1998,12,22
9803230,1998,11,1
9803232,1998,16,11
9803237,1998,32,46
9803238,1998,2,5
9803241,1998,15,20
9803242,1998,5,45
9803246,1998,6,8
9803251,1998,9,5
9803252,1998,1,3
9803254,1998,9,7
9803257,1998,26,8
9803258,1998,8,6
9803262,1998,1,1
9803266,1998,11,19
9803277,1998,9,84
9803282,1998,8,2
9803283,1998,12,0
9803288,1998,20,4
9803296,1998,7,3
9803297,1998,2,29
9803301,1998,2,8
9803306,1998,6,10
9803308,1998,30,19
9803313,1998,2,15
9803314,1998,27,20
9803315,1998,0,134
9803316,1998,19,36
9803318,1998,11,0
9803320,1998,8,5
9803321,1998,46,1
9803327,1998,8,1
9803333,1998,0,7
9803336,1998,16,1
9803337,1998,6,15
9803339,1998,3,2
9803341,1998,5,10
9803342,1998,20,16
9803343,1998,16,7
9803346,1998,1,0
9803348,1998,7,1
9803349,1998,28,20
9803351,1998,32,22
9803357,1998,32,26
9803359,1998,8,5
9803360,1998,14,1
9803361,1998,10,1
9803363,1998,14,50
9803368,1998,39,59
9803370,1998,21,8
9803380,1998,7,12
9803382,1998,28,7
9803384,1998,8,11
9803385,1998,20,6
9803388,1998,13,0
9803389,1998,7,78
9803393,1998,5,27
9803396,1998,14,15
9803397,1998,2,9
9803398,1998,4,0
9803400,1998,4,16
9803403,1998,13,3
9803419,1998,4,6
9803424,1998,10,3
9803433,1998,17,18
9803442,1998,7,2
9803443,1998,6,1
9803444,1998,12,1
9803445,1998,22,149
9803448,1998,9,0
9803453,1998,8,22
9803454,1998,22,46
9803459,1998,8,7
9803460,1998,8,16
9803466,1998,3,60
9803467,1998,2,2
9803476,1998,25,9
9803477,1998,4,4
9803479,1998,95,39
9803489,1998,14,4
9803493,1998,6,19
9803497,1998,12,34
9803501,1998,10,3
9804208,1998,13,8
9804209,1998,10,61
9804210,1998,13,0
9804211,1998,6,23
9804212,1998,2,6
9804217,1998,10,18
9804224,1998,0,5
9804227,1998,19,59
9804232,1998,2,4
9804233,1998,6,94
9804235,1998,9,14
9804237,1998,10,6
9804241,1998,19,76
9804242,1998,16,4
9804251,1998,7,4
9804252,1998,11,36
9804254,1998,4,13
9804255,1998,26,51
9804266,1998,17,1
9804271,1998,14,3
9804273,1998,17,26
9804274,1998,24,13
9804275,1998,58,17
9804277,1998,22,2
9804281,1998,6,11
9804283,1998,16,7
9804287,1998,5,1
9804290,1998,4,41
9804294,1998,52,40
9804300,1998,2,5
9804304,1998,12,18
9804319,1998,12,26
9804320,1998,2,4
9804323,1998,9,5
9804327,1998,12,2
9804328,1998,4,3
9804331,1998,3,3
9804332,1998,3,29
9804335,1998,5,4
9804338,1998,9,5
9804343,1998,14,8
9804347,1998,2,8
9804349,1998,15,1
9804351,1998,8,3
9804353,1998,13,10
9804355,1998,10,15
9804361,1998,5,0
9804363,1998,33,59
9804365,1998,14,2
9804371,1998,11,4
9804372,1998,12,1
9804376,1998,3,5
9804377,1998,16,13
9804378,1998,1,1
9804379,1998,23,30
9804383,1998,6,1
9804384,1998,6,2
9804387,1998,6,2
9804391,1998,13,4
9804393,1998,10,5
9804397,1998,7,12
9804398,1998,3,85
9804399,1998,11,6
9804403,1998,5,142
9804404,1998,4,13
9804408,1998,4,0
9804436,1998,10,27
9804441,1998,11,4
9804443,1998,15,1
9804455,1998,6,0
9804462,1998,7,13
9804463,1998,16,0
9805205,1998,3,2
9805206,1998,9,2
9805207,1998,8,4
9805208,1998,5,34
9805215,1998,7,22
9805216,1998,10,14
9805222,1998,22,5
9805230,1998,12,0
9805234,1998,4,4
9805243,1998,8,3
9805245,1998,0,1
9805251,1998,11,6
9805252,1998,10,1
9805258,1998,6,1
9805264,1998,34,25
9805268,1998,10,36
9805270,1998,16,84
9805273,1998,4,4
9805274,1998,27,12
9805276,1998,8,0
9805281,1998,4,3
9805294,1998,6,8
9805300,1998,7,7
9805302,1998,23,2
9805303,1998,38,102
9805315,1998,11,16
9805316,1998,7,11
9805317,1998,16,2
9805319,1998,15,4
9805324,1998,3,7
9805327,1998,5,3
9805328,1998,17,0
9805333,1998,6,0
9805334,1998,7,18
9805338,1998,12,8
9805344,1998,17,10
9805345,1998,5,4
9805349,1998,21,19
9805350,1998,4,0
9805351,1998,10,2
9805353,1998,7,2
9805356,1998,3,7
9805358,1998,19,7
9805366,1998,10,3
9805367,1998,12,14
9805374,1998,15,1
9805378,1998,7,10
9805384,1998,3,1
9805385,1998,2,2
9805389,1998,17,27
9805390,1998,1,3
9805393,1998,5,2
9805403,1998,23,31
9805412,1998,2,1
9805414,1998,0,3
9805422,1998,12,73
9805424,1998,18,45
9805425,1998,8,1
9805426,1998,26,2
9805434,1998,8,2
9805436,1998,3,2
9805442,1998,20,32
9805446,1998,7,5
9805447,1998,13,5
9805448,1998,9,13
9805461,1998,10,4
9805468,1998,19,5
9805470,1998,11,58
9805472,1998,33,5
9805473,1998,4,5
9805481,1998,20,4
9805484,1998,31,5
9805487,1998,12,1
9805488,1998,21,4
9805490,1998,4,0
9805492,1998,3,1
9805494,1998,37,9
9805496,1998,3,17
9805497,1998,20,1
9805500,1998,33,8
9805503,1998,6,1
9805504,1998,15,1
9805508,1998,4,1
9805509,1998,3,14
9806206,1998,23,0
9806213,1998,4,4
9806219,1998,11,41
9806224,1998,8,3
9806232,1998,18,26
9806236,1998,12,42
9806244,1998,7,16
9806245,1998,11,0
9806246,1998,3,18
9806248,1998,6,5
9806251,1998,11,1
9806255,1998,9,18
9806259,1998,13,18
9806267,1998,20,13
9806278,1998,20,19
9806279,1998,2,18
9806280,1998,2,12
9806285,1998,3,1
9806287,1998,10,13
9806288,1998,23,3
9806292,1998,8,54
9806294,1998,6,9
9806298,1998,7,21
9806305,1998,17,26
9806307,1998,6,3
9806308,1998,30,71
9806314,1998,12,4
9806317,1998,12,10
9806323,1998,7,1
9806324,1998,9,11
9806326,1998,9,0
9806330,1998,38,0
9806331,1998,11,1
9806332,1998,17,23
9806336,1998,15,20
9806340,1998,11,12
9806342,1998,7,11
9806343,1998,7,0
9806344,1998,10,66
9806345,1998,9,17
9806348,1998,20,25
9806349,1998,14,1
9806352,1998,11,16
9806354,1998,22,52
9806355,1998,4,6
9806359,1998,19,2
9806364,1998,5,3
9806365,1998,2,3
9806368,1998,15,21
9806372,1998,2,1
9806381,1998,2,6
9806382,1998,13,13
9806384,1998,3,2
9806401,1998,27,9
9806402,1998,4,6
9806404,1998,13,129
9806409,1998,4,7
9806419,1998,3,3
9806429,1998,38,5
9806437,1998,11,4
9806456,1998,11,0
9806457,1998,4,3
9806460,1998,12,2
9806462,1998,20,15
9806467,1998,13,26
9806468,1998,24,16
9806471,1998,141,93
9806472,1998,7,16
9806473,1998,9,1
9806478,1998,5,1
9806483,1998,2,0
9806484,1998,11,21
9806486,1998,18,15
9806488,1998,5,3
9806491,1998,14,10
9806505,1998,12,7
9806509,1998,5,4
9806510,1998,14,4
9806513,1998,7,10
9806517,1998,29,0
9806519,1998,22,37
9806524,1998,9,2
9806526,1998,14,6
9806528,1998,5,14
9806530,1998,11,10
9806533,1998,26,0
9807209,1998,5,6
9807212,1998,15,2
9807215,1998,6,3
9807216,1998,2,46
9807222,1998,8,11
9807223,1998,15,9
9807224,1998,0,12
9807229,1998,18,29
9807234,1998,4,3
9807235,1998,1,31
9807237,1998,1,1
9807238,1998,15,9
9807243,1998,12,4
9807249,1998,18,4
9807250,1998,2,3
9807251,1998,23,44
9807261,1998,5,16
9807262,1998,14,9
9807264,1998,6,2
9807268,1998,3,2
9807270,1998,13,0
9807290,1998,10,0
9807293,1998,11,7
9807294,1998,8,12
9807297,1998,3,23
9807310,1998,1,15
9807318,1998,7,8
9807326,1998,7,18
9807327,1998,11,71
9807331,1998,8,5
9807334,1998,18,22
9807335,1998,7,2
9807336,1998,6,6
9807339,1998,0,7
9807340,1998,29,29
9807341,1998,4,1
9807344,1998,4,75
9807349,1998,35,15
9807350,1998,13,9
9807353,1998,4,21
9807354,1998,14,14
9807356,1998,1,0
9807358,1998,38,64
9807362,1998,11,3
9807368,1998,4,0
9807369,1998,28,0
9807373,1998,20,5
9807377,1998,25,19
9807380,1998,5,5
9807383,1998,4,5
9807385,1998,3,3
9807386,1998,2,10
9807387,1998,6,0
9807390,1998,26,5
9807394,1998,3,1
9807407,1998,1,1
9807411,1998,6,9
9807413,1998,7,2
9807417,1998,8,11
9807420,1998,4,3
9807421,1998,34,55
9807422,1998,2,2
9807423,1998,16,57
9807424,1998,6,10
9807427,1998,13,6
9807443,1998,103,74
9807447,1998,11,5
9807448,1998,19,17
9807452,1998,6,7
9807454,1998,34,23
9807460,1998,6,3
9807462,1998,9,48
9807464,1998,3,13
9807469,1998,13,4
9807479,1998,14,3
9807481,1998,9,0
9807483,1998,1,4
9807487,1998,14,7
9807488,1998,7,5
9807494,1998,29,14
9807497,1998,13,16
9807499,1998,1,0
9807501,1998,5,60
9807504,1998,3,12
9807505,1998,3,5
9807508,1998,20,6
9807513,1998,12,117
9807514,1998,4,2
9807515,1998,2,0
9807537,1998,21,3
9807545,1998,2,1
9807547,1998,72,2
9807550,1998,3,1
9807567,1998,5,18
9807570,1998,3,9
9807572,1998,7,2
9808201,1998,19,4
9808202,1998,20,10
9808206,1998,7,3
9808215,1998,4,4
9808217,1998,8,3
9808218,1998,5,3
9808224,1998,11,39
9808232,1998,29,30
9808242,1998,8,8
9808247,1998,12,5
9808248,1998,19,24
9808257,1998,12,31
9808258,1998,9,7
9808262,1998,20,16
9808265,1998,21,55
9808283,1998,3,41
9808288,1998,14,1
9808290,1998,14,11
9808291,1998,6,6
9808292,1998,22,26
9808295,1998,1,2
9808299,1998,10,54
9808301,1998,2,23
9808304,1998,20,45
9808312,1998,30,46
9808318,1998,13,0
9808329,1998,7,1
9808332,1998,18,10
9808340,1998,7,15
9808341,1998,17,2
9808348,1998,17,1
9808355,1998,26,22
9808356,1998,17,16
9808358,1998,11,0
9808368,1998,8,11
9808371,1998,6,32
9808379,1998,8,11
9808385,1998,6,17
9808406,1998,17,2
9808408,1998,55,4
9808412,1998,38,24
9808413,1998,11,2
9808415,1998,19,23
9808416,1998,8,1
9808425,1998,9,12
9808426,1998,9,15
9808427,1998,9,1
9808428,1998,6,3
9808438,1998,4,5
9808439,1998,16,0
9808444,1998,4,52
9808449,1998,13,7
9808452,1998,2,0
9808453,1998,35,6
9808454,1998,21,33
9808455,1998,4,7
9808456,1998,14,2
9808462,1998,3,5
9808463,1998,9,30
9808467,1998,17,18
9808468,1998,9,25
9808469,1998,6,3
9808474,1998,1,5
9808475,1998,9,1
9808478,1998,12,0
9808483,1998,12,2
9808486,1998,25,7
9808487,1998,7,25
9808491,1998,9,0
9808493,1998,15,42
9808498,1998,4,1
9809211,1998,3,15
9809215,1998,13,4
9809221,1998,7,0
9809224,1998,11,4
9809229,1998,10,5
9809230,1998,8,13
9809244,1998,12,12
9809245,1998,18,10
9809249,1998,15,12
9809251,1998,11,2
9809254,1998,22,8
9809255,1998,4,12
9809263,1998,18,13
9809277,1998,8,4
9809284,1998,17,1
9809285,1998,8,0
9809287,1998,9,8
9809290,1998,15,3
9809291,1998,5,18
9809294,1998,6,2
9809295,1998,4,0
9809296,1998,4,0
9809311,1998,19,39
9809312,1998,4,5
9809319,1998,30,4
9809326,1998,5,0
9809337,1998,15,41
9809351,1998,0,12
9809362,1998,7,2
9809364,1998,22,10
9809365,1998,2,2
9809373,1998,17,1
9809377,1998,29,5
9809383,1998,7,0
9809386,1998,5,4
9809393,1998,10,3
9809396,1998,3,5
9809398,1998,5,8
9809401,1998,1,8
9809402,1998,9,0
9809413,1998,10,2
9809423,1998,18,45
9809427,1998,23,26
9809428,1998,6,0
9809429,1998,24,8
9809431,1998,19,2
9809433,1998,21,14
9809435,1998,3,5
9809439,1998,20,6
9809443,1998,25,23
9809450,1998,6,5
9809453,1998,2,9
9809454,1998,1,6
9809464,1998,9,3
9809468,1998,24,5
9809470,1998,4,31
9809475,1998,4,3
9809478,1998,4,1
9809480,1998,4,34
9809483,1998,13,29
9809485,1998,7,10
9809487,1998,18,10
9809488,1998,12,0
9809493,1998,5,6
9809506,1998,43,15
9809517,1998,18,7
9809523,1998,6,6
9809524,1998,7,2
9809529,1998,39,3
9809544,1998,6,9
9809545,1998,34,2
9809550,1998,21,12
9809555,1998,7,3
9809557,1998,11,3
9809569,1998,2,0
9809576,1998,26,4
9809592,1998,3,0
9809593,1998,7,1
9809596,1998,21,22
9810206,1998,15,7
9810215,1998,9,6
9810227,1998,3,2
9810232,1998,77,62
9810235,1998,16,8
9810237,1998,3,0
9810241,1998,18,14
9810252,1998,4,4
9810259,1998,10,11
9810261,1998,27,8
9810267,1998,8,8
9810270,1998,118,42
9810271,1998,13,3
9810275,1998,15,22
9810276,1998,11,0
9810277,1998,38,18
9810281,1998,7,2
9810283,1998,17,3
9810290,1998,6,3
9810295,1998,4,3
9810300,1998,16,0
9810305,1998,11,0
9810313,1998,13,17
9810316,1998,20,1
9810322,1998,1,14
9810333,1998,6,27
9810336,1998,9,27
9810340,1998,21,4
9810343,1998,10,7
9810361,1998,4,7
9810364,1998,9,5
9810366,1998,27,2
9810367,1998,7,17
9810371,1998,33,34
9810373,1998,0,1
9810374,1998,20,14
9810376,1998,4,4
9810382,1998,14,4
9810385,1998,5,1
9810386,1998,2,22
9810393,1998,12,2
9810395,1998,5,0
9810398,1998,3,1
9810400,1998,19,6
9810409,1998,17,23
9810410,1998,8,23
9810414,1998,9,1
9810421,1998,8,2
9810425,1998,5,8
9810426,1998,8,5
9810435,1998,2,12
9810440,1998,0,22
9810442,1998,12,57
9810451,1998,7,1
9810455,1998,3,0
9810457,1998,6,71
9810460,1998,14,0
9810463,1998,3,1
9810466,1998,14,28
9810471,1998,7,5
9810475,1998,3,21
9810478,1998,15,1
9810479,1998,8,21
9810483,1998,1,0
9810485,1998,1,1
9810489,1998,12,7
9810496,1998,10,21
9810499,1998,22,17
9810500,1998,20,21
9810502,1998,15,0
9810509,1998,6,48
9810512,1998,16,22
9810514,1998,4,45
9810516,1998,10,9
9810530,1998,1,4
9810539,1998,3,4
9810540,1998,10,1
9810551,1998,22,4
9811201,1998,16,28
9811202,1998,10,50
9811203,1998,20,3
9811211,1998,9,3
9811212,1998,15,13
9811217,1998,0,2
9811219,1998,8,4
9811220,1998,10,0
9811231,1998,4,0
9811235,1998,12,11
9811237,1998,31,12
9811239,1998,40,39
9811240,1998,6,4
9811244,1998,3,0
9811245,1998,4,4
9811247,1998,19,8
9811249,1998,25,10
9811250,1998,3,2
9811251,1998,13,13
9811254,1998,36,0
9811257,1998,19,5
9811259,1998,15,9
9811261,1998,2,4
9811265,1998,9,17
9811275,1998,34,37
9811285,1998,20,3
9811289,1998,4,5
9811294,1998,26,11
9811305,1998,3,0
9811307,1998,5,3
9811308,1998,7,10
9811313,1998,92,11
9811323,1998,9,9
9811328,1998,5,2
9811330,1998,8,3
9811334,1998,19,9
9811340,1998,4,3
9811341,1998,18,2
9811343,1998,4,0
9811346,1998,4,3
9811347,1998,10,4
9811349,1998,20,10
9811354,1998,8,0
9811356,1998,6,32
9811357,1998,12,11
9811363,1998,33,36
9811366,1998,7,6
9811369,1998,45,19
9811370,1998,8,7
9811372,1998,3,0
9811380,1998,5,2
9811386,1998,46,15
9811387,1998,9,13
9811396,1998,5,1
9811400,1998,5,0
9811414,1998,14,7
9811416,1998,14,0
9811425,1998,1,2
9811428,1998,10,29
9811429,1998,2,0
9811440,1998,14,5
9811442,1998,8,1
9811449,1998,5,1
9811450,1998,4,1
9811454,1998,11,9
9811456,1998,31,19
9811462,1998,13,0
9811466,1998,8,0
9811468,1998,15,0
9811472,1998,31,36
9811473,1998,6,83
9811474,1998,4,8
9811481,1998,12,21
9811482,1998,4,4
9811483,1998,2,3
9811485,1998,7,2
9811489,1998,29,13
9811495,1998,7,9
9811497,1998,3,0
9811498,1998,31,24
9811499,1998,4,1
9811500,1998,12,40
9811502,1998,27,0
9811510,1998,8,0
9811517,1998,60,0
9811518,1998,6,23
9812202,1998,14,6
9812205,1998,6,109
9812209,1998,22,10
9812212,1998,10,4
9812215,1998,7,3
9812224,1998,2,6
9812229,1998,22,44
9812241,1998,4,0
9812245,1998,14,2
9812251,1998,32,1
9812252,1998,76,14
9812258,1998,5,10
9812261,1998,9,5
9812263,1998,21,8
9812264,1998,5,0
9812266,1998,9,7
9812267,1998,9,12
9812269,1998,15,26
9812272,1998,16,4
9812277,1998,7,12
9812280,1998,23,2
9812287,1998,8,102
9812298,1998,54,5
9812305,1998,9,9
9812311,1998,8,13
9812313,1998,11,0
9812317,1998,12,0
9812320,1998,17,40
9812325,1998,20,0
9812330,1998,4,0
9812331,1998,2,0
9812332,1998,24,9
9812340,1998,7,4
9812345,1998,12,0
9812346,1998,6,6
9812349,1998,12,8
9812355,1998,8,7
9812357,1998,54,17
9812358,1998,10,28
9812359,1998,7,2
9812361,1998,0,8
9812368,1998,0,1
9812369,1998,16,31
9812371,1998,11,40
9812373,1998,8,0
9812374,1998,27,0
9812375,1998,5,26
9812377,1998,12,5
9812380,1998,5,2
9812382,1998,47,4
9812383,1998,50,3
9812385,1998,14,5
9812387,1998,18,12
9812388,1998,6,3
9812392,1998,35,11
9812393,1998,10,6
9812394,1998,8,1
9812399,1998,20,2
9812412,1998,8,6
9812415,1998,26,7
9812417,1998,6,13
9812423,1998,6,9
9812429,1998,3,3
9812440,1998,20,22
9812442,1998,0,1
9812445,1998,9,48
9812446,1998,5,4
9812448,1998,0,111
9812450,1998,1,2
9812454,1998,3,2
9812463,1998,20,16
9812471,1998,3,29
9812472,1998,19,63
9812475,1998,17,23
9812477,1998,3,0
9812478,1998,7,15
9812480,1998,18,0
9812481,1998,8,3
9812482,1998,9,0
9812491,1998,20,5
9812495,1998,20,10
9812497,1998,8,2
9812499,1998,13,7
9812502,1998,11,1
9812503,1998,3,2
9812507,1998,7,0
9812508,1998,8,4
9812510,1998,5,38
9812515,1998,8,7
9812516,1998,10,0
9812517,1998,5,2
9812520,1998,9,6
9812521,1998,9,5
9812522,1998,8,16
9812528,1998,4,2
9812529,1998,3,5
9901206,1999,0,12
9901208,1999,26,7
9901215,1999,8,4
9901216,1999,9,3
9901222,1999,4,11
9901224,1999,19,11
9901225,1999,8,0
9901229,1999,10,31
9901237,1999,13,1
9901242,1999,18,0
9901243,1999,13,27
9901244,1999,22,13
9901246,1999,30,23
9901254,1999,16,45
9901258,1999,5,0
9901260,1999,24,26
9901261,1999,5,3
9901264,1999,12,3
9901266,1999,14,5
9901267,1999,8,3
9901277,1999,16,7
9901278,1999,9,13
9901279,1999,2,0
9901280,1999,22,0
9901281,1999,17,61
9901282,1999,21,0
9901283,1999,17,4
9901287,1999,15,0
9901303,1999,13,0
9901304,1999,4,8
9901312,1999,25,5
9901313,1999,6,1
9901315,1999,4,2
9901317,1999,34,8
9901321,1999,9,6
9901322,1999,9,5
9901323,1999,9,11
9901326,1999,16,3
9901328,1999,23,0
9901347,1999,5,0
9901348,1999,11,3
9901351,1999,13,7
9901354,1999,22,6
9901357,1999,2,0
9901362,1999,70,44
9901363,1999,3,1
9901366,1999,12,1
9901376,1999,12,5
9901380,1999,5,2
9901384,1999,21,26
9901389,1999,22,34
9901394,1999,5,15
9901416,1999,7,9
9901420,1999,6,12
9901425,1999,14,0
9901427,1999,34,2
9901430,1999,10,18
9901431,1999,18,6
9901439,1999,11,6
9901442,1999,9,21
9901444,1999,1,2
9901453,1999,8,0
9902202,1999,46,2
9902213,1999,10,0
9902218,1999,22,1
9902220,1999,20,24
9902226,1999,13,8
9902233,1999,17,21
9902238,1999,26,9
9902239,1999,13,21
9902249,1999,3,0
9902250,1999,4,9
9902251,1999,42,9
9902260,1999,10,14
9902266,1999,7,6
9902277,1999,10,1
9902278,1999,4,0
9902279,1999,2,12
9902280,1999,43,15
9902282,1999,7,1
9902283,1999,21,18
9902289,1999,8,3
9902290,1999,17,6
9902293,1999,31,11
9902294,1999,12,17
9902299,1999,13,2
9902301,1999,4,4
9902302,1999,14,3
9902304,1999,20,6
9902307,1999,22,1
9902314,1999,2,2
9902318,1999,8,10
9902322,1999,24,2
9902323,1999,5,31
9902325,1999,3,5
9902326,1999,25,7
9902328,1999,18,6
9902334,1999,20,30
9902335,1999,8,20
9902340,1999,1,4
9902341,1999,17,16
9902347,1999,15,1
9902356,1999,11,2
9902359,1999,7,1
9902370,1999,4,1
9902371,1999,50,53
9902372,1999,11,16
9902378,1999,13,1
9902410,1999,11,31
9902412,1999,5,4
9902419,1999,28,4
9902420,1999,6,11
9902421,1999,9,0
9902426,1999,17,5
9902428,1999,4,0
9902429,1999,8,2
9902434,1999,10,8
9902440,1999,21,11
9902441,1999,3,5
9902443,1999,31,25
9902446,1999,9,5
9902449,1999,6,12
9902451,1999,23,40
9902452,1999,15,18
9902455,1999,4,0
9902458,1999,4,3
9902464,1999,7,3
9902469,1999,16,4
9902471,1999,8,13
9902476,1999,7,3
9902480,1999,11,1
9902484,1999,34,9
9903202,1999,10,1
9903215,1999,22,14
9903217,1999,7,12
9903218,1999,21,12
9903223,1999,2,0
9903226,1999,23,20
9903230,1999,22,29
9903240,1999,19,4
9903245,1999,23,12
9903246,1999,18,23
9903249,1999,8,6
9903253,1999,8,2
9903257,1999,29,3
9903260,1999,25,42
9903265,1999,11,10
9903267,1999,2,2
9903270,1999,45,8
9903274,1999,48,5
9903276,1999,15,13
9903280,1999,2,3
9903281,1999,7,0
9903282,1999,24,134
9903287,1999,14,3
9903298,1999,11,22
9903299,1999,10,3
9903305,1999,17,10
9903322,1999,10,7
9903327,1999,13,7
9903328,1999,23,5
9903331,1999,3,1
9903333,1999,20,5
9903337,1999,6,10
9903339,1999,3,0
9903341,1999,13,32
9903350,1999,3,2
9903353,1999,6,1
9903354,1999,11,15
9903355,1999,7,56
9903358,1999,18,111
9903359,1999,8,7
9903361,1999,8,3
9903363,1999,7,52
9903366,1999,9,0
9903375,1999,13,8
9903380,1999,3,4
9903381,1999,5,2
9903385,1999,29,15
9903394,1999,11,13
9903396,1999,5,6
9903397,1999,6,4
9903398,1999,0,1
9903403,1999,6,5
9903404,1999,22,40
9903405,1999,3,6
9903411,1999,16,8
9903414,1999,2,6
9903417,1999,5,48
9903418,1999,51,11
9903419,1999,8,8
9903431,1999,5,2
9903435,1999,16,32
9903436,1999,11,19
9903438,1999,1,0
9903440,1999,4,2
9903441,1999,19,6
9903446,1999,4,4
9903449,1999,14,6
9903451,1999,10,42
9903453,1999,31,36
9903456,1999,23,27
9903457,1999,4,5
9903476,1999,16,9
9903478,1999,12,11
9903483,1999,10,3
9903488,1999,24,2
9903493,1999,13,2
9903495,1999,4,9
9903498,1999,20,27
9903502,1999,13,64
9903504,1999,21,2
9903511,1999,4,1
9903513,1999,15,6
9903518,1999,12,2
9903520,1999,14,16
9903530,1999,14,2
9903531,1999,18,2
9903532,1999,7,9
9903535,1999,42,51
9903536,1999,13,3
9903543,1999,34,6
9903546,1999,13,0
9903549,1999,4,17
9904201,1999,16,3
9904205,1999,2,1
9904221,1999,8,5
9904223,1999,8,8
9904226,1999,5,3
9904227,1999,1,3
9904233,1999,17,11
9904239,1999,22,1
9904240,1999,15,16
9904243,1999,31,1
9904249,1999,14,7
9904254,1999,5,2
9904255,1999,9,2
9904256,1999,5,5
9904258,1999,6,8
9904267,1999,3,20
9904270,1999,8,3
9904278,1999,25,25
9904279,1999,18,21
9904283,1999,18,25
9904294,1999,3,0
9904296,1999,2,1
9904304,1999,6,4
9904305,1999,4,2
9904313,1999,13,4
9904317,1999,3,3
9904320,1999,16,11
9904322,1999,1,0
9904325,1999,7,3
9904329,1999,17,2
9904330,1999,34,25
9904332,1999,5,3
9904334,1999,7,6
9904344,1999,5,29
9904346,1999,8,2
9904348,1999,34,10
9904353,1999,20,65
9904355,1999,4,2
9904357,1999,14,1
9904361,1999,3,0
9904370,1999,12,14
9904376,1999,8,7
9904404,1999,10,65
9904408,1999,40,52
9904413,1999,18,23
9904421,1999,17,11
9904427,1999,23,1
9904435,1999,6,1
9904440,1999,4,10
9904444,1999,5,5
9904449,1999,14,1
9904454,1999,12,2
9904456,1999,15,1
9904459,1999,7,5
9904464,1999,15,3
9904468,1999,40,41
9904473,1999,33,6
9904477,1999,19,8
9904488,1999,15,3
9904491,1999,24,10
9904496,1999,17,3
9904497,1999,10,5
9904500,1999,8,3
9904506,1999,9,0
9905202,1999,21,14
9905203,1999,13,2
9905205,1999,2,7
9905211,1999,5,2
9905214,1999,21,43
9905215,1999,8,36
9905216,1999,6,2
9905218,1999,13,4
9905221,1999,5,66
9905226,1999,118,21
9905234,1999,2,2
9905236,1999,5,5
9905238,1999,13,0
9905239,1999,12,10
9905241,1999,12,13
9905249,1999,18,7
9905251,1999,19,4
9905258,1999,1,2
9905259,1999,7,1
9905260,1999,9,3
9905261,1999,2,6
9905262,1999,12,2
9905267,1999,12,2
9905274,1999,1,0
9905281,1999,2,11
9905282,1999,12,9
9905283,1999,6,9
9905284,1999,6,0
9905285,1999,3,0
9905287,1999,13,6
9905291,1999,18,7
9905292,1999,29,20
9905297,1999,6,0
9905309,1999,5,10
9905310,1999,32,22
9905312,1999,3,110
9905320,1999,5,6
9905321,1999,6,1
9905324,1999,11,2
9905330,1999,23,1
9905332,1999,4,1
9905334,1999,6,1
9905335,1999,12,0
9905337,1999,8,13
9905338,1999,26,1
9905339,1999,18,7
9905340,1999,7,3
9905343,1999,20,4
9905347,1999,8,7
9905350,1999,15,4
9905351,1999,20,4
9905352,1999,8,3
9905353,1999,5,0
9905355,1999,13,2
9905359,1999,23,18
9905361,1999,5,1
9905363,1999,5,1
9905368,1999,6,2
9905375,1999,2,2
9905376,1999,22,13
9905379,1999,6,1
9905387,1999,20,25
9905391,1999,6,13
9905392,1999,7,18
9905393,1999,5,0
9905409,1999,17,13
9905413,1999,2,7
9905415,1999,12,19
9905421,1999,3,1
9905422,1999,49,2
9905425,1999,17,3
9905428,1999,9,3
9905434,1999,7,1
9905436,1999,19,5
9905437,1999,89,14
9905441,1999,26,25
9905442,1999,5,5
9905443,1999,33,25
9905448,1999,8,25
9905464,1999,9,31
9905466,1999,57,3
9905472,1999,41,18
9905479,1999,1,1
9905482,1999,5,1
9905484,1999,4,0
9905489,1999,7,2
9905491,1999,5,3
9905495,1999,15,4
9905497,1999,3,2
9905498,1999,8,4
9905502,1999,2,2
9905503,1999,16,0
9905505,1999,12,12
9905512,1999,8,26
9905518,1999,6,4
9905521,1999,8,5
9905523,1999,12,35
9905524,1999,5,5
9905526,1999,32,0
9905528,1999,3,2
9905533,1999,39,0
9905543,1999,16,11
9905544,1999,2,1
9905546,1999,4,2
9905547,1999,23,0
9905548,1999,72,4
9905549,1999,39,30
9905550,1999,22,60
9905555,1999,8,6
9905559,1999,5,3
9905564,1999,2,1
9905568,1999,3,22
9905571,1999,34,7
9905572,1999,14,3
9905573,1999,4,4
9905576,1999,41,3
9906204,1999,9,2
9906206,1999,11,38
9906207,1999,6,1
9906209,1999,29,45
9906211,1999,3,7
9906216,1999,2,0
9906218,1999,11,23
9906221,1999,30,10
9906222,1999,24,10
9906224,1999,62,39
9906230,1999,9,9
9906231,1999,6,6
9906234,1999,22,37
9906241,1999,12,0
9906242,1999,3,2
9906247,1999,5,6
9906249,1999,10,3
9906254,1999,9,2
9906259,1999,19,16
9906263,1999,1,2
9906264,1999,14,2
9906265,1999,24,5
9906266,1999,15,18
9906267,1999,24,11
9906273,1999,8,13
9906275,1999,8,6
9906280,1999,10,10
9906282,1999,3,0
9906284,1999,20,15
9906285,1999,7,2
9906289,1999,30,2
9906292,1999,12,1
9906294,1999,13,0
9906296,1999,6,19
9906298,1999,9,10
9906299,1999,3,4
9906300,1999,29,2
9906306,1999,23,0
9906310,1999,16,16
9906318,1999,7,16
9906321,1999,8,15
9906322,1999,6,24
9906324,1999,11,9
9906327,1999,18,10
9906329,1999,13,3
9906332,1999,10,3
9906334,1999,9,0
9906335,1999,28,2
9906337,1999,8,2
9906338,1999,17,1
9906339,1999,22,9
9906341,1999,63,7
9906342,1999,29,2
9906346,1999,10,16
9906354,1999,6,2
9906358,1999,12,7
9906359,1999,2,6
9906361,1999,10,0
9906362,1999,27,9
9906367,1999,3,0
9906374,1999,17,29
9906378,1999,29,3
9906386,1999,0,6
9906392,1999,27,1
9906397,1999,19,0
9906405,1999,3,0
9906413,1999,5,4
9906416,1999,15,0
9906418,1999,9,2
9906422,1999,61,5
9906424,1999,14,13
9906431,1999,20,5
9906432,1999,4,2
9906434,1999,24,44
9906441,1999,7,4
9906452,1999,2,2
9906457,1999,5,2
9906462,1999,7,8
9906465,1999,28,7
9906474,1999,4,0
9906475,1999,33,62
9906476,1999,30,8
9906477,1999,4,0
9906478,1999,16,56
9906488,1999,11,2
9906489,1999,12,3
9906493,1999,28,0
9906495,1999,7,1
9906499,1999,15,1
9906500,1999,4,0
9906504,1999,5,1
9906506,1999,4,1
9906512,1999,10,68
9906514,1999,12,3
9906517,1999,59,0
9906521,1999,20,0
9906522,1999,7,0
9906523,1999,6,8
9906538,1999,5,5
9906539,1999,1,7
9906542,1999,3,3
9906546,1999,23,7
9906549,1999,12,7
9906550,1999,3,0
9907204,1999,7,6
9907209,1999,19,1
9907211,1999,19,22
9907220,1999,37,2
9907224,1999,29,20
9907227,1999,5,0
9907229,1999,3,4
9907231,1999,6,54
9907234,1999,8,8
9907240,1999,34,72
9907243,1999,31,14
9907254,1999,8,17
9907255,1999,11,3
9907264,1999,9,13
9907265,1999,11,4
9907274,1999,2,2
9907275,1999,24,6
9907276,1999,9,1
9907285,1999,6,0
9907293,1999,11,6
9907297,1999,8,1
9907308,1999,13,0
9907313,1999,8,0
9907314,1999,4,3
9907316,1999,7,0
9907321,1999,7,1
9907327,1999,5,3
9907331,1999,26,5
9907333,1999,10,12
9907336,1999,0,5
9907340,1999,4,6
9907352,1999,0,3
9907353,1999,8,0
9907356,1999,10,3
9907365,1999,36,8
9907367,1999,2,0
9907370,1999,20,4
9907373,1999,4,6
9907386,1999,10,5
9907389,1999,3,3
9907392,1999,14,1
9907412,1999,10,3
9907414,1999,8,10
9907417,1999,4,1
9907418,1999,2,3
9907419,1999,5,0
9907431,1999,14,9
9907432,1999,22,24
9907437,1999,6,0
9907443,1999,13,0
9907445,1999,5,4
9907446,1999,20,16
9907448,1999,43,0
9907454,1999,2,1
9907460,1999,45,19
9907462,1999,61,9
9907463,1999,3,0
9907465,1999,9,2
9907466,1999,15,7
9907470,1999,5,3
9907472,1999,19,32
9907474,1999,17,7
9907476,1999,1,1
9907481,1999,1,1
9907488,1999,5,3
9907489,1999,27,46
9907491,1999,49,29
9907492,1999,1,0
9907499,1999,13,32
9907500,1999,4,6
9907501,1999,8,1
9907502,1999,3,4
9907507,1999,7,7
9907509,1999,25,29
9907510,1999,7,9
9907512,1999,15,26
9907514,1999,13,6
9907515,1999,3,8
9907516,1999,29,15
9907521,1999,7,1
9907524,1999,3,9
9907533,1999,1,1
9907537,1999,4,2
9907539,1999,19,3
9907543,1999,6,1
9907545,1999,20,19
9907547,1999,12,6
9907555,1999,30,17
9907556,1999,18,3
9907557,1999,10,1
9907559,1999,9,8
9907560,1999,9,2
9907568,1999,15,0
9907569,1999,11,4
9907572,1999,20,23
9908207,1999,6,10
9908209,1999,5,1
9908212,1999,13,24
9908221,1999,2,2
9908225,1999,2,5
9908227,1999,19,42
9908230,1999,25,10
9908231,1999,38,9
9908232,1999,12,9
9908241,1999,2,0
9908242,1999,12,1
9908245,1999,23,11
9908247,1999,6,11
9908248,1999,7,44
9908249,1999,3,1
9908252,1999,10,9
9908255,1999,26,24
9908260,1999,22,13
9908277,1999,6,0
9908283,1999,8,15
9908284,1999,1,4
9908286,1999,45,12
9908287,1999,4,3
9908288,1999,6,33
9908289,1999,9,7
9908290,1999,13,10
9908291,1999,6,3
9908292,1999,15,6
9908293,1999,13,3
9908296,1999,2,7
9908298,1999,7,2
9908301,1999,9,3
9908303,1999,16,0
9908306,1999,20,1
9908312,1999,5,0
9908314,1999,6,11
9908318,1999,5,5
9908319,1999,5,3
9908321,1999,3,7
9908322,1999,1,0
9908326,1999,14,24
9908327,1999,4,8
9908329,1999,8,2
9908334,1999,7,8
9908337,1999,18,18
9908342,1999,17,3
9908348,1999,10,1
9908349,1999,18,9
9908352,1999,28,30
9908355,1999,10,14
9908362,1999,0,43
9908364,1999,0,29
9908371,1999,20,26
9908378,1999,22,9
9908379,1999,26,2
9908382,1999,35,16
9908387,1999,26,12
9908393,1999,11,8
9908400,1999,11,2
9908404,1999,13,21
9908405,1999,11,0
9908411,1999,4,4
9908420,1999,18,2
9908421,1999,12,2
9908423,1999,9,6
9908424,1999,3,3
9908425,1999,17,12
9908427,1999,8,4
9908432,1999,28,5
9908433,1999,27,29
9908434,1999,5,0
9908451,1999,40,8
9908456,1999,19,0
9908458,1999,31,8
9908470,1999,7,1
9908474,1999,15,2
9908475,1999,4,2
9908480,1999,12,14
9908481,1999,9,3
9908486,1999,8,5
9908488,1999,13,2
9908490,1999,18,5
9908491,1999,30,1
9908495,1999,0,1
9908498,1999,7,1
9908499,1999,48,8
9908500,1999,18,1
9908510,1999,8,1
9908511,1999,13,1
9908514,1999,2,4
9908516,1999,10,11
9908517,1999,3,0
9908519,1999,3,3
9908531,1999,35,8
9909202,1999,7,30
9909206,1999,14,3
9909211,1999,5,9
9909212,1999,25,10
9909213,1999,7,0
9909222,1999,15,7
9909228,1999,15,6
9909229,1999,17,3
9909234,1999,48,1
9909235,1999,6,5
9909236,1999,10,2
9909238,1999,26,4
9909242,1999,8,3
9909244,1999,15,16
9909260,1999,20,9
9909263,1999,4,0
9909265,1999,37,16
9909273,1999,11,1
9909274,1999,8,0
9909278,1999,17,5
9909281,1999,12,1
9909292,1999,10,18
9909297,1999,39,17
9909299,1999,7,0
9909306,1999,11,0
9909307,1999,11,4
9909311,1999,6,1
9909317,1999,10,2
9909318,1999,23,14
9909325,1999,16,18
9909327,1999,19,1
9909334,1999,29,33
9909337,1999,19,10
9909338,1999,6,2
9909344,1999,13,2
9909352,1999,15,17
9909354,1999,1,0
9909356,1999,26,6
9909362,1999,37,7
9909365,1999,5,0
9909368,1999,8,8
9909375,1999,6,3
9909391,1999,12,5
9909394,1999,7,0
9909400,1999,6,0
9909401,1999,9,4
9909404,1999,15,3
9909407,1999,2,1
9909418,1999,32,10
9909419,1999,26,19
9909421,1999,18,0
9909426,1999,2,0
9909432,1999,13,8
9909433,1999,29,1
9909434,1999,13,1
9909436,1999,9,12
9909438,1999,7,6
9909440,1999,9,3
9909442,1999,1,4
9909444,1999,26,5
9909445,1999,11,2
9909450,1999,8,0
9909456,1999,6,19
9909458,1999,9,11
9909462,1999,28,0
9909470,1999,6,6
9909475,1999,25,5
9909476,1999,10,16
9909480,1999,36,26
9909485,1999,22,19
9909489,1999,20,11
9909492,1999,2,0
9909495,1999,10,3
9909497,1999,15,8
9909504,1999,43,6
9909508,1999,5,2
9909520,1999,7,2
9909522,1999,3,1
9909524,1999,11,3
9909529,1999,20,1
9909532,1999,1,1
9909538,1999,19,12
9909541,1999,19,24
9909545,1999,10,0
9909552,1999,12,0
9909555,1999,9,5
9909556,1999,7,2
9909560,1999,9,6
9909571,1999,4,1
9910203,1999,1,2
9910204,1999,1,7
9910205,1999,53,24
9910206,1999,15,4
9910209,1999,23,47
9910210,1999,1,3
9910211,1999,8,12
9910213,1999,24,4
9910218,1999,4,0
9910221,1999,33,48
9910222,1999,29,1
9910223,1999,22,3
9910225,1999,21,31
9910226,1999,0,1
9910236,1999,25,17
9910238,1999,30,51
9910239,1999,15,2
9910242,1999,0,38
9910247,1999,16,17
9910250,1999,15,6
9910253,1999,7,6
9910254,1999,20,25
9910255,1999,15,2
9910257,1999,28,5
9910259,1999,4,6
9910267,1999,10,0
9910269,1999,13,1
9910273,1999,3,2
9910275,1999,49,13
9910290,1999,3,5
9910291,1999,17,22
9910295,1999,9,9
9910296,1999,30,5
9910304,1999,1,0
9910307,1999,6,0
9910310,1999,19,7
9910315,1999,8,20
9910318,1999,29,0
9910320,1999,32,23
9910322,1999,10,0
9910323,1999,15,2
9910329,1999,17,2
9910342,1999,11,4
9910347,1999,32,16
9910350,1999,6,2
9910351,1999,29,9
9910354,1999,11,0
9910356,1999,2,0
9910382,1999,13,1
9910390,1999,15,1
9910397,1999,22,1
9910399,1999,31,11
9910403,1999,14,6
9910405,1999,16,8
9910411,1999,14,3
9910414,1999,5,0
9910417,1999,24,4
9910421,1999,1,4
9910423,1999,3,2
9910424,1999,37,5
9910436,1999,5,0
9910438,1999,12,7
9910449,1999,10,1
9910456,1999,3,4
9910457,1999,21,1
9910460,1999,14,1
9910464,1999,17,9
9910480,1999,7,0
9910481,1999,18,5
9910483,1999,13,9
9910485,1999,10,2
9910486,1999,11,0
9910491,1999,14,45
9910492,1999,15,11
9910496,1999,31,1
9910497,1999,13,3
9910502,1999,5,2
9910503,1999,12,0
9910506,1999,23,4
9910514,1999,0,4
9910533,1999,4,0
9910534,1999,25,1
9910535,1999,11,6
9910536,1999,7,3
9910537,1999,13,12
9910539,1999,15,1
9910543,1999,23,6
9910544,1999,4,2
9910545,1999,7,7
9910547,1999,19,1
9910550,1999,36,31
9910551,1999,16,4
9910563,1999,8,5
9910565,1999,10,0
9911202,1999,19,17
9911204,1999,16,3
9911206,1999,35,14
9911207,1999,14,14
9911211,1999,6,0
9911213,1999,6,3
9911223,1999,30,12
9911233,1999,25,35
9911235,1999,12,0
9911237,1999,21,21
9911243,1999,43,11
9911244,1999,23,5
9911245,1999,41,28
9911250,1999,18,9
9911252,1999,17,33
9911260,1999,7,0
9911261,1999,14,5
9911264,1999,16,6
9911272,1999,56,9
9911273,1999,23,10
9911274,1999,23,1
9911276,1999,21,8
9911278,1999,11,1
9911282,1999,11,0
9911283,1999,16,7
9911284,1999,18,1
9911286,1999,7,9
9911291,1999,8,13
9911292,1999,26,1
9911293,1999,34,27
9911294,1999,8,9
9911296,1999,12,5
9911297,1999,13,4
9911299,1999,12,6
9911301,1999,4,2
9911306,1999,3,0
9911307,1999,21,1
9911309,1999,4,27
9911310,1999,14,2
9911315,1999,8,8
9911317,1999,45,10
9911319,1999,5,0
9911321,1999,78,19
9911327,1999,18,8
9911329,1999,34,4
9911336,1999,12,1
9911337,1999,12,15
9911340,1999,13,9
9911347,1999,32,3
9911348,1999,39,7
9911356,1999,12,0
9911358,1999,6,2
9911365,1999,24,7
9911368,1999,22,0
9911369,1999,3,6
9911372,1999,4,1
9911374,1999,7,1
9911375,1999,16,4
9911379,1999,7,14
9911383,1999,17,2
9911384,1999,9,1
9911385,1999,19,15
9911388,1999,21,0
9911390,1999,20,12
9911392,1999,31,13
9911393,1999,7,4
9911404,1999,23,3
9911406,1999,13,7
9911407,1999,3,1
9911414,1999,36,33
9911422,1999,24,4
9911425,1999,19,4
9911426,1999,34,1
9911427,1999,16,18
9911429,1999,24,0
9911431,1999,10,6
9911432,1999,10,3
9911433,1999,12,6
9911434,1999,44,30
9911436,1999,14,15
9911451,1999,17,0
9911454,1999,23,10
9911456,1999,27,4
9911461,1999,9,7
9911468,1999,36,1
9911479,1999,13,7
9911480,1999,15,1
9911485,1999,2,2
9911488,1999,17,1
9911490,1999,65,20
9911502,1999,17,3
9911505,1999,5,4
9911507,1999,18,3
9911511,1999,22,5
9911512,1999,3,4
9911516,1999,4,8
9911519,1999,5,0
9911527,1999,4,0
9911528,1999,8,6
9911529,1999,9,0
9911539,1999,21,1
9911542,1999,8,8
9912214,1999,4,6
9912216,1999,18,18
9912217,1999,10,2
9912223,1999,24,13
9912226,1999,22,23
9912227,1999,22,11
9912228,1999,1,1
9912233,1999,21,0
9912234,1999,12,2
9912236,1999,18,37
9912241,1999,11,1
9912249,1999,18,5
9912251,1999,1,15
9912253,1999,33,8
9912260,1999,33,10
9912261,1999,7,8
9912264,1999,5,24
9912265,1999,8,17
9912267,1999,5,0
9912271,1999,16,10
9912272,1999,24,0
9912278,1999,33,13
9912279,1999,41,4
9912289,1999,11,8
9912301,1999,9,5
9912305,1999,23,7
9912306,1999,9,8
9912307,1999,6,7
9912309,1999,11,0
9912311,1999,10,8
9912315,1999,22,5
9912319,1999,8,9
9912330,1999,26,6
9912332,1999,9,0
9912334,1999,3,0
9912338,1999,14,5
9912340,1999,50,1
9912341,1999,14,3
9912343,1999,16,9
9912345,1999,14,2
9912354,1999,4,4
9912355,1999,9,12
9912358,1999,21,17
9912364,1999,13,4
9912367,1999,18,3
9912369,1999,74,4
9912370,1999,19,5
9912376,1999,10,9
9912379,1999,21,17
9912381,1999,15,0
9912383,1999,4,7
9912385,1999,15,7
9912390,1999,19,5
9912391,1999,26,45
9912396,1999,0,9
9912401,1999,2,0
9912403,1999,20,8
9912407,1999,22,11
9912409,1999,20,28
9912420,1999,21,1
9912424,1999,23,14
9912425,1999,28,9
9912428,1999,0,4
9912429,1999,27,4
9912434,1999,6,16
9912439,1999,8,16
9912443,1999,7,2
9912452,1999,11,9
9912453,1999,6,2
9912458,1999,7,13
9912459,1999,23,3
9912463,1999,22,16
9912504,1999,19,0
9912507,1999,4,0
9912513,1999,3,10
9912516,1999,14,27
9912517,1999,5,1
9912518,1999,16,0
9912519,1999,8,2
9912529,1999,9,2
9912530,1999,1,0
9912534,1999,13,5
9912538,1999,6,2
9912547,1999,20,27
9912548,1999,28,4
9912550,1999,7,0
9912551,1999,18,9
